incident_id,publisher,title,url
0x0dex-2023-09,DeFiHackLabs (GitHub),DeFiHackLabs PoC: 0x0DEX,https://github.com/SunWeb3Sec/DeFiHackLabs/blob/main/src/test/2023-09/0x0DEX_exp.sol
0x0dex-2023-09,0x0ai.notion.site,0x0DEX incident analysis,https://0x0ai.notion.site/0x0ai/0x0-Privacy-DEX-Exploit-25373263928b4f18b31c438b2a040e33
0xf340-2025-08,DeFiHackLabs (GitHub),DeFiHackLabs PoC: 0xf340,https://github.com/SunWeb3Sec/DeFiHackLabs/blob/main/src/test/2025-08/0xf340_exp.sol
0xf340-2025-08,t.me,0xf340 incident analysis,https://t.me/defimon_alerts/1733
0xf340-2025-08,Etherscan,0xf340 attack transaction,https://etherscan.io/tx/0x103b4550a1a2bdb73e3cb5ea484880cd8bed7e4842ecdd18ed81bf67ed19e03c
88mph-2021-06,DeFiHackLabs (GitHub),DeFiHackLabs PoC: 88mph NFT,https://github.com/SunWeb3Sec/DeFiHackLabs/blob/main/src/test/2021-06/88mph_exp.sol
88mph-2021-06,Medium,88mph NFT incident analysis,https://medium.com/immunefi/88mph-function-initialization-bug-fix-postmortem-c3a2282894d3
aave-boost-2025-06,DeFiHackLabs (GitHub),DeFiHackLabs PoC: AAVEBoost,https://github.com/SunWeb3Sec/DeFiHackLabs/blob/main/src/test/2025-06/AAVEBoost_exp.sol
aave-boost-2025-06,X (Twitter),AAVEBoost incident analysis,https://x.com/CertiKAlert/status/1933011428157563188
aave-boost-2025-06,app.blocksec.com,AAVEBoost incident analysis,https://app.blocksec.com/explorer/tx/eth/0xc4ef3b5e39d862ffcb8ff591fbb587f89d9d4ab56aec70cfb15831782239c0ce
active-pool-scrv-usd-2025-07,DeFiHackLabs (GitHub),DeFiHackLabs PoC: ActivePoolScrvUsd,https://github.com/SunWeb3Sec/DeFiHackLabs/blob/main/src/test/2025-07/ActivePoolScrvUsdUrgentRedemption_exp.sol
active-pool-scrv-usd-2025-07,t.me,ActivePoolScrvUsd incident analysis,https://t.me/defimon_alerts/1415
active-pool-scrv-usd-2025-07,Etherscan,ActivePoolScrvUsd attack transaction,https://etherscan.io/tx/0x0cf19b3f83f574c1911eb42457f22578359483dfef197f8906678bc0a76a740b
active-pool-urgent-redemption-2025-07,DeFiHackLabs (GitHub),DeFiHackLabs PoC: ActivePoolUrgentRedemption,https://github.com/SunWeb3Sec/DeFiHackLabs/blob/main/src/test/2025-07/ActivePoolUrgentRedemption_exp.sol
active-pool-urgent-redemption-2025-07,t.me,ActivePoolUrgentRedemption incident analysis,https://t.me/defimon_alerts/1379
active-pool-urgent-redemption-2025-07,Etherscan,ActivePoolUrgentRedemption attack transaction,https://etherscan.io/tx/0xc8ac54bdab9a2ce670a6ac2540e07dc88b5eeb7e0306e86d1d66f584428b3e0d
adc-2024-02,DeFiHackLabs (GitHub),DeFiHackLabs PoC: ADC,https://github.com/SunWeb3Sec/DeFiHackLabs/blob/main/src/test/2024-02/ADC_exp.sol
adc-2024-02,X (Twitter),ADC incident analysis,https://x.com/EXVULSEC/status/1753294675971313790
adc-2024-02,app.blocksec.com,ADC incident analysis,https://app.blocksec.com/explorer/tx/eth/0xcf834aff4de9992f5da9c443600dad9c6277a8a00de5007842fece51564992db
adshares-bridge-2026-05,DeFiHackLabs (GitHub),DeFiHackLabs PoC: AdsharesBridge,https://github.com/SunWeb3Sec/DeFiHackLabs/blob/main/src/test/2026-05/AdsharesBridge_exp.sol
adshares-bridge-2026-05,Etherscan,AdsharesBridge attack transaction,https://etherscan.io/tx/0x8844b4ec371c4b13d7fac701b5d546a7c2fba12621a9596dd14b662b14408789
affine-defi-2024-02,DeFiHackLabs (GitHub),DeFiHackLabs PoC: AffineDeFi,https://github.com/SunWeb3Sec/DeFiHackLabs/blob/main/src/test/2024-02/AffineDeFi_exp.sol
affine-defi-2024-02,X (Twitter),AffineDeFi incident analysis,https://twitter.com/Phalcon_xyz/status/1753020812284809440
affine-defi-2024-02,app.blocksec.com,AffineDeFi incident analysis,https://app.blocksec.com/explorer/tx/eth/0x03543ef96c26d6c79ff6c24219c686ae6d0eb5453b322e54d3b6a5ce456385e5
akutar-nft-2022-04,DeFiHackLabs (GitHub),DeFiHackLabs PoC: Akutar NFT,https://github.com/SunWeb3Sec/DeFiHackLabs/blob/main/src/test/2022-04/AkutarNFT_exp.sol
akutar-nft-2022-04,Medium,Akutar NFT incident analysis,https://blocksecteam.medium.com/how-akutar-nft-loses-34m-usd-60d6cb053dff
akutar-nft-2022-04,Etherscan,Akutar NFT attack transaction,https://etherscan.io/tx/0x62d280abc60f8b604175ab24896c989e6092e496ac01f2f5399b2a62e9feaacf
alkemiearn-2026-03,DeFiHackLabs (GitHub),DeFiHackLabs PoC: AlkemiEarn,https://github.com/SunWeb3Sec/DeFiHackLabs/blob/main/src/test/2026-03/AlkemiEarn_exp.sol
alkemiearn-2026-03,X (Twitter),AlkemiEarn incident analysis,https://x.com/blockaid_/status/2031351881029546194
alkemiearn-2026-03,skylens.certik.com,AlkemiEarn incident analysis,https://skylens.certik.com/tx/eth/0xa17001eb39f867b8bed850de9107018a2d2503f95f15e4dceb7d68fff5ef6d9d?active_tab=events
alkimiya-io-2025-03,DeFiHackLabs (GitHub),DeFiHackLabs PoC: Alkimiya_IO,https://github.com/SunWeb3Sec/DeFiHackLabs/blob/main/src/test/2025-03/Alkimiya_io_exp.sol
alkimiya-io-2025-03,X (Twitter),Alkimiya_IO incident analysis,https://x.com/TenArmorAlert/status/1906371419807568119
alkimiya-io-2025-03,Etherscan,Alkimiya_IO attack transaction,https://etherscan.io/tx/0x9b9a6dd05526a8a4b40e5e1a74a25df6ecccae6ee7bf045911ad89a1dd3f0814
ampkashi-2025-04,DeFiHackLabs (GitHub),DeFiHackLabs PoC: AmpKashi,https://github.com/SunWeb3Sec/DeFiHackLabs/blob/main/src/test/2025-04/AmpKashi_exp.sol
ampkashi-2025-04,t.me,AmpKashi incident analysis,https://t.me/defimon_alerts/773
ampkashi-2025-04,Etherscan,AmpKashi attack transaction,https://etherscan.io/tx/0x21c91633ca99b991b3ba20e02b12bbeef187fd3fea756cece4748c2ee0173db3
anyswap-weth-permit-2025-07,DeFiHackLabs (GitHub),DeFiHackLabs PoC: AnyswapWETHPermit,https://github.com/SunWeb3Sec/DeFiHackLabs/blob/main/src/test/2025-07/AnyswapWETHPermit_exp.sol
anyswap-weth-permit-2025-07,t.me,AnyswapWETHPermit incident analysis,https://t.me/defimon_alerts/1582
anyswap-weth-permit-2025-07,Etherscan,AnyswapWETHPermit attack transaction,https://etherscan.io/tx/0xae79fdcfd7c36ed654d11b352b495340bd3cc47d0849c35ac6ffa1e4859098ec
apecoin-ape-2022-05,DeFiHackLabs (GitHub),DeFiHackLabs PoC: ApeCoin (APE),https://github.com/SunWeb3Sec/DeFiHackLabs/blob/main/src/test/2022-05/Bayc_apecoin_exp.sol
apecoin-ape-2022-05,news.coincu.com,ApeCoin (APE) incident analysis,https://news.coincu.com/73892-the-flashloan-attack-on-the-ape-airdrop-to-claim-1-1-million-of-ape-tokens/
apecoin-ape-2022-05,Etherscan,ApeCoin (APE) attack transaction,https://etherscan.io/tx/0xeb8c3bebed11e2e4fcd30cbfc2fb3c55c4ca166003c7f7d319e78eaab9747098
apemaga-2024-06,DeFiHackLabs (GitHub),DeFiHackLabs PoC: APEMAGA,https://github.com/SunWeb3Sec/DeFiHackLabs/blob/main/src/test/2024-06/APEMAGA_exp.sol
apemaga-2024-06,X (Twitter),APEMAGA incident analysis,https://x.com/ChainAegis/status/1806297556852601282
apemaga-2024-06,app.blocksec.com,APEMAGA incident analysis,https://app.blocksec.com/explorer/tx/eth/0x6beb21b53f5b205c088570333ec875b720e333b49657f7026b01ed72b026851e?line=19
astridprotocol-2023-10,DeFiHackLabs (GitHub),DeFiHackLabs PoC: AstridProtocol,https://github.com/SunWeb3Sec/DeFiHackLabs/blob/main/src/test/2023-10/Astrid_exp.sol
astridprotocol-2023-10,X (Twitter),AstridProtocol incident analysis,https://twitter.com/Phalcon_xyz/status/1718454835966775325
astridprotocol-2023-10,Etherscan,AstridProtocol attack transaction,https://etherscan.io/tx/0x8af9b5fb3e2e3df8659ffb2e0f0c1f4c90d5a80f4f6fccef143b823ce673fb60
auctus-2022-03,DeFiHackLabs (GitHub),DeFiHackLabs PoC: Auctus,https://github.com/SunWeb3Sec/DeFiHackLabs/blob/main/src/test/2022-03/Auctus_exp.sol
auctus-2022-03,X (Twitter),Auctus incident analysis,https://twitter.com/AuctusOptions/status/1508647849663291398?cxt=HHwWjICzpbzO5e8pAAAA
auctus-2022-03,Etherscan,Auctus incident analysis,https://etherscan.io/tx/0x2e7d7e7a6eb157b98974c8687fbd848d0158d37edc1302ea08ee5ddb376befea
audius-2022-07,DeFiHackLabs (GitHub),DeFiHackLabs PoC: Audius,https://github.com/SunWeb3Sec/DeFiHackLabs/blob/main/src/test/2022-07/Audius_exp.sol
audius-2022-07,blog.audius.co,Audius incident analysis,https://blog.audius.co/article/audius-governance-takeover-post-mortem-7-23-22
audius-2022-07,X (Twitter),Audius incident analysis,https://twitter.com/AudiusProject/status/1551000725169180672
auto-pooled-trading-bot-2025-08,DeFiHackLabs (GitHub),DeFiHackLabs PoC: AutoPooledTradingBot,https://github.com/SunWeb3Sec/DeFiHackLabs/blob/main/src/test/2025-08/AutoPooledTradingBot_exp.sol
auto-pooled-trading-bot-2025-08,t.me,AutoPooledTradingBot incident analysis,https://t.me/defimon_alerts/1676
auto-pooled-trading-bot-2025-08,Etherscan,AutoPooledTradingBot attack transaction,https://etherscan.io/tx/0x9ec3fb4ac39e179c6a4f5323f2f757faca7b71718fc9f752153387c9204cee3d
aventarewardclaim-2025-04,DeFiHackLabs (GitHub),DeFiHackLabs PoC: AventaRewardClaim,https://github.com/SunWeb3Sec/DeFiHackLabs/blob/main/src/test/2025-04/AventaRewardClaim_exp.sol
aventarewardclaim-2025-04,t.me,AventaRewardClaim incident analysis,https://t.me/defimon_alerts/927
aventarewardclaim-2025-04,Etherscan,AventaRewardClaim attack transaction,https://etherscan.io/tx/0x59446b1f58457c83d18864bbfaa8930c9438da33017ad41f08397cf79a8c63e5
bacon-protocol-2022-03,DeFiHackLabs (GitHub),DeFiHackLabs PoC: Bacon Protocol,https://github.com/SunWeb3Sec/DeFiHackLabs/blob/main/src/test/2022-03/Bacon_exp.sol
bacon-protocol-2022-03,X (Twitter),Bacon Protocol incident analysis,https://twitter.com/peckshield/status/1500105933128495108
bad-guys-by-rpf-2022-09,DeFiHackLabs (GitHub),DeFiHackLabs PoC: Bad Guys by RPF,https://github.com/SunWeb3Sec/DeFiHackLabs/blob/main/src/test/2022-09/BadGuysbyRPF_exp.sol
bad-guys-by-rpf-2022-09,X (Twitter),Bad Guys by RPF incident analysis,https://twitter.com/RugDoctorApe/status/1565739119606890498
bad-guys-by-rpf-2022-09,Etherscan,Bad Guys by RPF attack transaction,https://etherscan.io/tx/0xb613c68b00c532fe9b28a50a91c021d61a98d907d0217ab9b44cd8d6ae441d9f
balancer-2023-08,DeFiHackLabs (GitHub),DeFiHackLabs PoC: Balancer,https://github.com/SunWeb3Sec/DeFiHackLabs/blob/main/src/test/2023-08/Balancer_exp.sol
balancer-2023-08,Medium,Balancer incident analysis,https://medium.com/balancer-protocol/rate-manipulation-in-balancer-boosted-pools-technical-postmortem-53db4b642492
balancer-2023-08,Medium,Balancer incident analysis,https://blocksecteam.medium.com/yet-another-risk-posed-by-precision-loss-an-in-depth-analysis-of-the-recent-balancer-incident-fad93a3c75d4
balancer-protocol-2020-06,DeFiHackLabs (GitHub),DeFiHackLabs PoC: Balancer Protocol,https://github.com/SunWeb3Sec/DeFiHackLabs/blob/main/src/test/2020-06/Balancer_20200628_exp.sol
balancer-protocol-2020-06,Medium,Balancer Protocol incident analysis,https://slowmist.medium.com/detailed-analysis-of-balancer-hack-de8bd86020de
balancer-protocol-2020-06,Etherscan,Balancer Protocol attack transaction,https://etherscan.io/tx/0x013be97768b702fe8eccef1a40544d5ecb3c1961ad5f87fee4d16fdc08c78106
balancerv2-2025-11,DeFiHackLabs (GitHub),DeFiHackLabs PoC: BalancerV2,https://github.com/SunWeb3Sec/DeFiHackLabs/blob/main/src/test/2025-11/BalancerV2_exp.sol
balancerv2-2025-11,X (Twitter),BalancerV2 incident analysis,https://x.com/BlockSecTeam/status/1986057732810518640
balancerv2-2025-11,X (Twitter),BalancerV2 incident analysis,https://x.com/SlowMist_Team/status/1986379316935205299
bancor-protocol-2020-06,DeFiHackLabs (GitHub),DeFiHackLabs PoC: Bancor Protocol,https://github.com/SunWeb3Sec/DeFiHackLabs/blob/main/src/test/2020-06/Bancor_exp.sol
bancor-protocol-2020-06,blog.bancor.network,Bancor Protocol incident analysis,https://blog.bancor.network/bancors-response-to-today-s-smart-contract-vulnerability-dc888c589fe4
bancor-protocol-2020-06,Etherscan,Bancor Protocol attack transaction,https://etherscan.io/tx/0x4643b63dcbfc385b8ab8c86cbc46da18c2e43d277de3e5bc3b4516d3c0fdeb9f
bankroll-stack-plus-2025-06,DeFiHackLabs (GitHub),DeFiHackLabs PoC: BankrollStackPlus,https://github.com/SunWeb3Sec/DeFiHackLabs/blob/main/src/test/2025-06/BankrollStackPlus_exp.sol
bankroll-stack-plus-2025-06,t.me,BankrollStackPlus incident analysis,https://t.me/defimon_alerts/1301
bankroll-stack-plus-2025-06,Etherscan,BankrollStackPlus attack transaction,https://etherscan.io/tx/0x8905a0aca5849626c0de026c2d2894ddfa8060a27725221f01aac9fb0b3d6629
barley-finance-2024-01,DeFiHackLabs (GitHub),DeFiHackLabs PoC: BarleyFinance,https://github.com/SunWeb3Sec/DeFiHackLabs/blob/main/src/test/2024-01/BarleyFinance_exp.sol
barley-finance-2024-01,X (Twitter),BarleyFinance incident analysis,https://twitter.com/Phalcon_xyz/status/1751788389139992824
barley-finance-2024-01,bitget.com,BarleyFinance incident analysis,https://www.bitget.com/news/detail/12560603890246
bbt-2024-03,DeFiHackLabs (GitHub),DeFiHackLabs PoC: BBT,https://github.com/SunWeb3Sec/DeFiHackLabs/blob/main/src/test/2024-03/BBT_exp.sol
bbt-2024-03,X (Twitter),BBT incident analysis,https://x.com/8olidity/status/1767470002566058088
bbt-2024-03,app.blocksec.com,BBT incident analysis,https://app.blocksec.com/explorer/tx/eth/0x4019890fe5a5bd527cd3b9f7ee6d94e55b331709b703317860d028745e33a8ca?line=4
beanstalk-farms-2022-04,DeFiHackLabs (GitHub),DeFiHackLabs PoC: BeanstalkFarms,https://github.com/SunWeb3Sec/DeFiHackLabs/blob/main/src/test/2022-04/Beanstalk_exp.sol
beanstalk-farms-2022-04,rekt.news,BeanstalkFarms incident analysis,https://rekt.news/beanstalk-rekt/
beanstalk-farms-2022-04,X (Twitter),BeanstalkFarms incident analysis,https://twitter.com/peckshield/status/1515680335769456640
beauty-chain-2018-04,DeFiHackLabs (GitHub),DeFiHackLabs PoC: Beauty Chain,https://github.com/SunWeb3Sec/DeFiHackLabs/blob/main/src/test/2018-04/BEC_exp.sol
beauty-chain-2018-04,Etherscan,Beauty Chain attack transaction,https://etherscan.io/tx/0xad89ff16fd1ebe3a0a7cf4ed282302c06626c1af33221ebe0d3a470aba4a660f
beauty-chain-2018-04,Etherscan,Beauty Chain incident analysis,https://etherscan.io/address/0xc5d105e63711398af9bbff092d4b6769c82f793d#code
blueberry-protocol-2024-02,DeFiHackLabs (GitHub),DeFiHackLabs PoC: BlueberryProtocol,https://github.com/SunWeb3Sec/DeFiHackLabs/blob/main/src/test/2024-02/BlueberryProtocol_exp.sol
blueberry-protocol-2024-02,X (Twitter),BlueberryProtocol incident analysis,https://twitter.com/blueberryFDN/status/1760865357236211964
blueberry-protocol-2024-02,Etherscan,BlueberryProtocol attack transaction,https://etherscan.io/tx/0xf0464b01d962f714eee9d4392b2494524d0e10ce3eb3723873afd1346b8b06e4
bmi-zapper-2024-01,DeFiHackLabs (GitHub),DeFiHackLabs PoC: BmiZapper,https://github.com/SunWeb3Sec/DeFiHackLabs/blob/main/src/test/2024-01/Bmizapper_exp.sol
bmi-zapper-2024-01,X (Twitter),BmiZapper incident analysis,https://x.com/0xmstore/status/1747756898172952725
bmi-zapper-2024-01,app.blocksec.com,BmiZapper incident analysis,https://app.blocksec.com/explorer/tx/eth/0x97201900198d0054a2f7a914f5625591feb6a18e7fc6bb4f0c964b967a6c15f6
btc20-2023-08,DeFiHackLabs (GitHub),DeFiHackLabs PoC: BTC20,https://github.com/SunWeb3Sec/DeFiHackLabs/blob/main/src/test/2023-08/BTC20_exp.sol
btc20-2023-08,X (Twitter),BTC20 incident analysis,https://twitter.com/DecurityHQ/status/1692924369662513472
btc20-2023-08,Etherscan,BTC20 attack transaction,https://etherscan.io/tx/0xcdd93e37ba2991ce02d8ca07bf6563bf5cd5ae801cbbce3dd0babb22e30b2dbe
buildfinance-2022-02,DeFiHackLabs (GitHub),DeFiHackLabs PoC: BuildFinance,https://github.com/SunWeb3Sec/DeFiHackLabs/blob/main/src/test/2022-02/BuildF_exp.sol
buildfinance-2022-02,cryptotimes.io,BuildFinance incident analysis,https://www.cryptotimes.io/build-finance-suffered-hostile-governance-takeover-lost-470k/
burner-2024-05,DeFiHackLabs (GitHub),DeFiHackLabs PoC: Burner,https://github.com/SunWeb3Sec/DeFiHackLabs/blob/main/src/test/2024-05/Burner_exp.sol
burner-2024-05,Etherscan,Burner attack transaction,https://etherscan.io/tx/0x3bba4fb6de00dd38df3ad68e51c19fe575a95a296e0632028f101c5199b6f714
burntbubba-2023-11,DeFiHackLabs (GitHub),DeFiHackLabs PoC: Burntbubba,https://github.com/SunWeb3Sec/DeFiHackLabs/blob/main/src/test/2023-11/Burntbubba_exp.sol
burntbubba-2023-11,X (Twitter),Burntbubba incident analysis,https://x.com/MetaSec_xyz/status/1730044259087315046
burntbubba-2023-11,app.blocksec.com,Burntbubba incident analysis,https://app.blocksec.com/explorer/tx/eth/0x2b6d0af0dc513a15e325703405739057f9de6ef3f99934b957653b8a3fade4c6
bybit-2025-02,DeFiHackLabs (GitHub),DeFiHackLabs PoC: Bybit,https://github.com/SunWeb3Sec/DeFiHackLabs/blob/main/src/test/2025-02/Bybit_exp.sol
bybit-2025-02,X (Twitter),Bybit incident analysis,https://x.com/SlowMist_Team/status/1892963250385592345
bybit-2025-02,Etherscan,Bybit attack transaction,https://etherscan.io/tx/0x46deef0f52e3a983b67abf4714448a41dd7ffd6d32d32da69d62081c68ad7882
bzx-2020-09,DeFiHackLabs (GitHub),DeFiHackLabs PoC: bzx,https://github.com/SunWeb3Sec/DeFiHackLabs/blob/main/src/test/2020-09/bzx_exp.sol
bzx-2020-09,X (Twitter),bzx incident analysis,https://twitter.com/0x000000000marc/status/1305354469354303488
bzx-2020-09,Etherscan,bzx attack transaction,https://etherscan.io/tx/0x85dc2a433fd9eaadaf56fd8156c956da23fc17e5ef83955c7e2c4c37efa20bb5
bzx-protocol-2023-12,DeFiHackLabs (GitHub),DeFiHackLabs PoC: bZxProtocol,https://github.com/SunWeb3Sec/DeFiHackLabs/blob/main/src/test/2023-12/bZx_exp.sol
bzx-protocol-2023-12,X (Twitter),bZxProtocol incident analysis,https://x.com/MetaSec_xyz/status/1730811240942088263
bzx-protocol-2023-12,app.blocksec.com,bZxProtocol incident analysis,https://app.blocksec.com/explorer/tx/eth/0x0fc5c0d41e5506fdb9434fab4815a4ff671afc834e47a533b3bed7182ece73b0
cexiswap-2023-09,DeFiHackLabs (GitHub),DeFiHackLabs PoC: CEXISWAP,https://github.com/SunWeb3Sec/DeFiHackLabs/blob/main/src/test/2023-09/CEXISWAP_exp.sol
cexiswap-2023-09,X (Twitter),CEXISWAP incident analysis,https://twitter.com/DecurityHQ/status/1704759560614126030
cexiswap-2023-09,Etherscan,CEXISWAP attack transaction,https://etherscan.io/tx/0xede72a74d8398875b42d92c550539d72c830d3c3271a7641ee1843dc105de59e
cgt-2024-03,DeFiHackLabs (GitHub),DeFiHackLabs PoC: CGT,https://github.com/SunWeb3Sec/DeFiHackLabs/blob/main/src/test/2024-03/CGT_exp.sol
cgt-2024-03,X (Twitter),CGT incident analysis,https://x.com/AnciliaInc/status/1771598968448745536
cgt-2024-03,app.blocksec.com,CGT incident analysis,https://app.blocksec.com/explorer/tx/eth/0x4ff4028b03c3df468197358b99f5160e5709e7fce3884cc8ce818856d058e106
chainswap-2021-07,DeFiHackLabs (GitHub),DeFiHackLabs PoC: Chainswap,https://github.com/SunWeb3Sec/DeFiHackLabs/blob/main/src/test/2021-07/Chainswap_exp1.sol
chainswap-2021-07,Medium,Chainswap incident analysis,https://chain-swap.medium.com/chainswap-post-mortem-and-compensation-plan-90cad50898ab
chainswap-2021-07,Etherscan,Chainswap attack transaction,https://etherscan.io/tx/0x5c5688a9f981a07ed509481352f12f22a4bd7cea46a932c6d6bbe67cca3c54be
chi-sale-2024-11,DeFiHackLabs (GitHub),DeFiHackLabs PoC: ChiSale,https://github.com/SunWeb3Sec/DeFiHackLabs/blob/main/src/test/2024-11/ChiSale_exp.sol
chi-sale-2024-11,X (Twitter),ChiSale incident analysis,https://x.com/TenArmorAlert/status/1854357930382156107
chi-sale-2024-11,app.blocksec.com,ChiSale incident analysis,https://app.blocksec.com/explorer/tx/eth/0x586a2a4368a1a45489a8a9b4273509b524b672c33e6c544d2682771b44f05e87
circle-2-2022-08,DeFiHackLabs (GitHub),DeFiHackLabs PoC: Circle,https://github.com/SunWeb3Sec/DeFiHackLabs/blob/main/src/test/2022-08/Circle_exp2.sol
circle-2-2022-08,app.blocksec.com,Circle incident analysis,https://app.blocksec.com/explorer/tx/eth/0xf1818f62c635e5c80ef16b7857da812c74ce330ebed46682b4d173bffe84c666?line=74
circle-2022-08,DeFiHackLabs (GitHub),DeFiHackLabs PoC: Circle,https://github.com/SunWeb3Sec/DeFiHackLabs/blob/main/src/test/2022-08/Circle_exp1.sol
circle-2022-08,app.blocksec.com,Circle incident analysis,https://app.blocksec.com/explorer/tx/eth/0xa4e650772f6e6b7ecc0964fe4c3854850669d1467570a2fa2b6edfa0f112c4b7
coinbase-2025-08,DeFiHackLabs (GitHub),DeFiHackLabs PoC: coinbase,https://github.com/SunWeb3Sec/DeFiHackLabs/blob/main/src/test/2025-08/coinbase_exp.sol
coinbase-2025-08,X (Twitter),coinbase incident analysis,https://x.com/deeberiroz/status/1955718986894549344
coinbase-2025-08,Etherscan,coinbase attack transaction,https://etherscan.io/tx/0x33b2cb5bc3c0ccb97f0cc21e231ecb6457df242710dfce8d1b68935f0e05773b
compound-tusd-sweep-token-bypass-2022-03,DeFiHackLabs (GitHub),DeFiHackLabs PoC: CompoundTUSDSweepTokenBypass,https://github.com/SunWeb3Sec/DeFiHackLabs/blob/main/src/test/2022-03/CompoundTusd_exp.sol
compound-tusd-sweep-token-bypass-2022-03,blog.openzeppelin.com,CompoundTUSDSweepTokenBypass incident analysis,https://blog.openzeppelin.com/compound-tusd-integration-issue-retrospective/
compound-uni-2024-02,DeFiHackLabs (GitHub),DeFiHackLabs PoC: CompoundUni,https://github.com/SunWeb3Sec/DeFiHackLabs/blob/main/src/test/2024-02/CompoundUni_exp.sol
compound-uni-2024-02,X (Twitter),CompoundUni incident analysis,https://twitter.com/0xLEVI104/status/1762092203894276481
compound-uni-2024-02,Etherscan,CompoundUni attack transaction,https://etherscan.io/tx/0xaee0f8d1235584a3212f233b655f87b89f22f1d4890782447c4ef742b37af58d
corkprotocol-2025-05,DeFiHackLabs (GitHub),DeFiHackLabs PoC: Corkprotocol,https://github.com/SunWeb3Sec/DeFiHackLabs/blob/main/src/test/2025-05/Corkprotocol_exp.sol
corkprotocol-2025-05,X (Twitter),Corkprotocol incident analysis,https://x.com/SlowMist_Team/status/1928100756156194955
cover-protocol-2020-12,DeFiHackLabs (GitHub),DeFiHackLabs PoC: Cover Protocol,https://github.com/SunWeb3Sec/DeFiHackLabs/blob/main/src/test/2020-12/Cover_exp.sol
cover-protocol-2020-12,mudit.blog,Cover Protocol incident analysis,https://mudit.blog/cover-protocol-hack-analysis-tokens-minted-exploit/
cover-protocol-2020-12,Medium,Cover Protocol incident analysis,https://slowmist.medium.com/a-brief-analysis-of-the-cover-protocol-hacked-event-700d747b309c
cow-protocol-2024-11,DeFiHackLabs (GitHub),DeFiHackLabs PoC: CoW,https://github.com/SunWeb3Sec/DeFiHackLabs/blob/main/src/test/2024-11/CoW_exp.sol
cow-protocol-2024-11,X (Twitter),CoW incident analysis,https://x.com/TenArmorAlert/status/1854538807854649791
cow-protocol-2024-11,Etherscan,CoW attack transaction,https://etherscan.io/tx/0x2fc9f2fd393db2273abb9b0451f9a4830aa2ebd5490d453f1a06a8e9e5edc4f9
cream-finance-2021-08,DeFiHackLabs (GitHub),DeFiHackLabs PoC: Cream Finance,https://github.com/SunWeb3Sec/DeFiHackLabs/blob/main/src/test/2021-08/Cream_exp.sol
cream-finance-2021-08,X (Twitter),Cream Finance incident analysis,https://twitter.com/creamdotfinance/status/1432249773575208964
cream-finance-2021-08,X (Twitter),Cream Finance incident analysis,https://twitter.com/peckshield/status/1432249600002478081
cream-finance-2021-10,DeFiHackLabs (GitHub),DeFiHackLabs PoC: CreamFinance,https://github.com/SunWeb3Sec/DeFiHackLabs/blob/main/src/test/2021-10/Cream_2_exp.sol
cream-finance-2021-10,Medium,CreamFinance incident analysis,https://medium.com/immunefi/hack-analysis-cream-finance-oct-2021-fc222d913fc5
cream-finance-2021-10,Etherscan,CreamFinance attack transaction,https://etherscan.io/tx/0x0fe2542079644e107cbf13690eb9c2c65963ccb79089ff96bfaf8dced2331c92
curve-llamalend-2026-03,DeFiHackLabs (GitHub),DeFiHackLabs PoC: Curve LlamaLend,https://github.com/SunWeb3Sec/DeFiHackLabs/blob/main/src/test/2026-03/Curve_LlamaLend_exp.sol
curve-llamalend-2026-03,X (Twitter),Curve LlamaLend incident analysis,https://x.com/yieldsandmore/status/2028368378457362629
dao-maker-2021-09,DeFiHackLabs (GitHub),DeFiHackLabs PoC: DAO Maker,https://github.com/SunWeb3Sec/DeFiHackLabs/blob/main/src/test/2021-09/DaoMaker_exp.sol
dao-maker-2021-09,X (Twitter),DAO Maker incident analysis,https://twitter.com/Mudit__Gupta/status/1434059922774237185
dao-maker-2021-09,Etherscan,DAO Maker attack transaction,https://etherscan.io/tx/0x96bf6bd14a81cf19939c0b966389daed778c3a9528a6c5dd7a4d980dec966388
dao-soulmate-2024-01,DeFiHackLabs (GitHub),DeFiHackLabs PoC: DAO_SoulMate,https://github.com/SunWeb3Sec/DeFiHackLabs/blob/main/src/test/2024-01/DAO_SoulMate_exp.sol
dao-soulmate-2024-01,X (Twitter),DAO_SoulMate incident analysis,https://twitter.com/MetaSec_xyz/status/1749743245599617282
dao-soulmate-2024-01,app.blocksec.com,DAO_SoulMate incident analysis,https://app.blocksec.com/explorer/tx/eth/0x1ea0a2e88efceccb2dd93e6e5cb89e5421666caeefb1e6fc41b68168373da342
dappsocial-2023-09,DeFiHackLabs (GitHub),DeFiHackLabs PoC: DAppSocial,https://github.com/SunWeb3Sec/DeFiHackLabs/blob/main/src/test/2023-09/DAppSocial_exp.sol
dappsocial-2023-09,X (Twitter),DAppSocial incident analysis,https://twitter.com/DecurityHQ/status/1698064511230464310
dappsocial-2023-09,Etherscan,DAppSocial attack transaction,https://etherscan.io/tx/0xbd72bccec6dd824f8cac5d9a3a2364794c9272d7f7348d074b580e3c6e44312e
deez-nutz-404-2024-02,DeFiHackLabs (GitHub),DeFiHackLabs PoC: DeezNutz 404,https://github.com/SunWeb3Sec/DeFiHackLabs/blob/main/src/test/2024-02/DeezNutz404_exp.sol
deez-nutz-404-2024-02,Etherscan,DeezNutz 404 attack transaction,https://etherscan.io/tx/0xbeefd8faba2aa82704afe821fd41b670319203dd9090f7af8affdf6bcfec2d61
defiplaza-2024-07,DeFiHackLabs (GitHub),DeFiHackLabs PoC: DeFiPlaza,https://github.com/SunWeb3Sec/DeFiHackLabs/blob/main/src/test/2024-07/DeFiPlaza_exp.sol
defiplaza-2024-07,X (Twitter),DeFiPlaza incident analysis,https://x.com/DecurityHQ/status/1809222922998808760
defiplaza-2024-07,app.blocksec.com,DeFiPlaza incident analysis,https://app.blocksec.com/explorer/tx/eth/0xa245deda8553c6e4c575baff9b50ef35abf4c8f990f8f36897696f896f240e3a
depayrouter-2023-10,DeFiHackLabs (GitHub),DeFiHackLabs PoC: DePayRouter,https://github.com/SunWeb3Sec/DeFiHackLabs/blob/main/src/test/2023-10/DePayRouter_exp.sol
depayrouter-2023-10,X (Twitter),DePayRouter incident analysis,https://twitter.com/CertiKAlert/status/1709764146324009268
depayrouter-2023-10,Etherscan,DePayRouter attack transaction,https://etherscan.io/tx/0x9a036058afb58169bfa91a826f5fcf4c0a376e650960669361d61bef99205f35
dodo-2021-03,DeFiHackLabs (GitHub),DeFiHackLabs PoC: DODO,https://github.com/SunWeb3Sec/DeFiHackLabs/blob/main/src/test/2021-03/dodo_flashloan_exp.sol
dodo-2021-03,blog.dodoex.io,DODO incident analysis,https://blog.dodoex.io/dodo-pool-incident-postmortem-with-a-little-help-from-our-friends-327e66872d42
dodo-2021-03,halborn.com,DODO incident analysis,https://halborn.com/explained-the-dodo-dex-hack-march-2021/
doughfina-2024-07,DeFiHackLabs (GitHub),DeFiHackLabs PoC: DoughFina,https://github.com/SunWeb3Sec/DeFiHackLabs/blob/main/src/test/2024-07/DoughFina_exp.sol
doughfina-2024-07,X (Twitter),DoughFina incident analysis,https://x.com/CertiKAlert/status/1811668992882307478
doughfina-2024-07,app.blocksec.com,DoughFina incident analysis,https://app.blocksec.com/explorer/tx/eth/0x92cdcc732eebf47200ea56123716e337f6ef7d5ad714a2295794fdc6031ebb2e
drlvaultv3-2025-11,DeFiHackLabs (GitHub),DeFiHackLabs PoC: DRLVaultV3,https://github.com/SunWeb3Sec/DeFiHackLabs/blob/main/src/test/2025-11/DRLVaultV3_exp.sol
drlvaultv3-2025-11,blog.verichains.io,DRLVaultV3 incident analysis,https://blog.verichains.io/p/the-drlvaultv3-exploit-a-slippage
drlvaultv3-2025-11,Etherscan,DRLVaultV3 attack transaction,https://etherscan.io/tx/0xe3eab35b288c086afa9b86a97ab93c7bb61d21b1951a156d2a8f6f5d5715c475
earningfram-2023-08,DeFiHackLabs (GitHub),DeFiHackLabs PoC: EarningFram,https://github.com/SunWeb3Sec/DeFiHackLabs/blob/main/src/test/2023-08/EarningFram_exp.sol
earningfram-2023-08,X (Twitter),EarningFram incident analysis,https://twitter.com/Phalcon_xyz/status/1689182459269644288
earningfram-2023-08,Etherscan,EarningFram attack transaction,https://etherscan.io/tx/0x6e6e556a5685980317cb2afdb628ed4a845b3cbd1c98bdaffd0561cb2c4790fa
eflevervault-2022-10,DeFiHackLabs (GitHub),DeFiHackLabs PoC: EFLeverVault,https://github.com/SunWeb3Sec/DeFiHackLabs/blob/main/src/test/2022-10/EFLeverVault_exp.sol
eflevervault-2022-10,X (Twitter),EFLeverVault incident analysis,https://twitter.com/danielvf/status/1580936010556661761
eflevervault-2022-10,Etherscan,EFLeverVault attack transaction,https://etherscan.io/tx/0x160c5950a01b88953648ba90ec0a29b0c5383e055d35a7835d905c53a3dda01e
eggx-2024-02,DeFiHackLabs (GitHub),DeFiHackLabs PoC: EGGX,https://github.com/SunWeb3Sec/DeFiHackLabs/blob/main/src/test/2024-02/EGGX_exp.sol
eggx-2024-02,X (Twitter),EGGX incident analysis,https://x.com/PeiQi_0/status/1759826303044497726
ehive-2023-08,DeFiHackLabs (GitHub),DeFiHackLabs PoC: EHIVE,https://github.com/SunWeb3Sec/DeFiHackLabs/blob/main/src/test/2023-08/EHIVE_exp.sol
ehive-2023-08,X (Twitter),EHIVE incident analysis,https://twitter.com/bulu4477/status/1693636187485872583
ehive-2023-08,Etherscan,EHIVE attack transaction,https://etherscan.io/tx/0xad818ec910def08c70ac519ab0fffa084b4178014a91cd8aa2f882d972a511c1
ekubo-2026-05,DeFiHackLabs (GitHub),DeFiHackLabs PoC: Ekubo,https://github.com/SunWeb3Sec/DeFiHackLabs/blob/main/src/test/2026-05/Ekubo_exp.sol
ekubo-2026-05,X (Twitter),Ekubo incident analysis,https://x.com/EkuboProtocol/status/2051754481465856038
ekubo-2026-05,Etherscan,Ekubo attack transaction,https://etherscan.io/tx/0x770bc9a1f7c32cb63a5002b9ceb5c7994cd3af0fc6b2309cb32d3c46f629daa0
empty-set-reserve-2025-07,DeFiHackLabs (GitHub),DeFiHackLabs PoC: EmptySetReserve,https://github.com/SunWeb3Sec/DeFiHackLabs/blob/main/src/test/2025-07/EmptySetReserve_exp.sol
empty-set-reserve-2025-07,t.me,EmptySetReserve incident analysis,https://t.me/defimon_alerts/1532
empty-set-reserve-2025-07,Etherscan,EmptySetReserve attack transaction,https://etherscan.io/tx/0x240e9573e6c59cfe025c311c176c351bb07a86ae994aaaff58ec3f7f84dab372
equilibria-ependle-2025-08,DeFiHackLabs (GitHub),DeFiHackLabs PoC: EquilibriaEPendle,https://github.com/SunWeb3Sec/DeFiHackLabs/blob/main/src/test/2025-08/EquilibriaEPendle_exp.sol
equilibria-ependle-2025-08,t.me,EquilibriaEPendle incident analysis,https://t.me/defimon_alerts/1712
erc20transfer-2024-10,DeFiHackLabs (GitHub),DeFiHackLabs PoC: Erc20transfer,https://github.com/SunWeb3Sec/DeFiHackLabs/blob/main/src/test/2024-10/Erc20transfer_exp.sol
erc20transfer-2024-10,X (Twitter),Erc20transfer incident analysis,https://x.com/d23e_AG/status/1849064161017225645
erc20transfer-2024-10,Etherscan,Erc20transfer attack transaction,https://etherscan.io/tx/0x7f2540af4a1f7b0172a46f5539ebf943dd5418422e4faa8150d3ae5337e92172
filx-dn404-2024-02,DeFiHackLabs (GitHub),DeFiHackLabs PoC: FILX DN404,https://github.com/SunWeb3Sec/DeFiHackLabs/blob/main/src/test/2024-02/DN404_exp.sol
filx-dn404-2024-02,Etherscan,FILX DN404 attack transaction,https://etherscan.io/tx/0xbeef09ee9d694d2b24f3f367568cc6ba1dad591ea9f969c36e5b181fd301be82
fixed-token-b-swap-2025-06,DeFiHackLabs (GitHub),DeFiHackLabs PoC: FixedTokenBSwap,https://github.com/SunWeb3Sec/DeFiHackLabs/blob/main/src/test/2025-06/FixedTokenBSwap_exp.sol
fixed-token-b-swap-2025-06,t.me,FixedTokenBSwap incident analysis,https://t.me/defimon_alerts/1280
fixed-token-b-swap-2025-06,Etherscan,FixedTokenBSwap attack transaction,https://etherscan.io/tx/0x5db22f0edc1a9eda5343573da27dd2168c8a36a7f948401db76e22ba1fab71ea
floor-protocol-2023-12,DeFiHackLabs (GitHub),DeFiHackLabs PoC: FloorProtocol,https://github.com/SunWeb3Sec/DeFiHackLabs/blob/main/src/test/2023-12/FloorProtocol_exp.sol
floor-protocol-2023-12,protos.com,FloorProtocol incident analysis,https://protos.com/floor-protocol-exploited-bored-apes-and-pudgy-penguins-gone/
floor-protocol-2023-12,X (Twitter),FloorProtocol incident analysis,https://twitter.com/0xfoobar/status/1736190355257627064
floordao-2023-09,DeFiHackLabs (GitHub),DeFiHackLabs PoC: FloorDAO,https://github.com/SunWeb3Sec/DeFiHackLabs/blob/main/src/test/2023-09/FloorDAO_exp.sol
floordao-2023-09,X (Twitter),FloorDAO incident analysis,https://twitter.com/PeckShieldAlert/status/1698962105058361392
floordao-2023-09,Medium,FloorDAO incident analysis,https://medium.com/floordao/floor-post-mortem-incident-summary-september-5-2023-e054a2d5afa4
gain-2024-02,DeFiHackLabs (GitHub),DeFiHackLabs PoC: GAIN,https://github.com/SunWeb3Sec/DeFiHackLabs/blob/main/src/test/2024-02/GAIN_exp.sol
gain-2024-02,Etherscan,GAIN attack transaction,https://etherscan.io/tx/0x7acc896b8d82874c67127ff3359d7437a15fdb4229ed83da00da1f4d8370764e
game-2024-02,DeFiHackLabs (GitHub),DeFiHackLabs PoC: Game,https://github.com/SunWeb3Sec/DeFiHackLabs/blob/main/src/test/2024-02/Game_exp.sol
game-2024-02,X (Twitter),Game incident analysis,https://twitter.com/AnciliaInc/status/1757533144033739116
game-2024-02,app.blocksec.com,Game incident analysis,https://app.blocksec.com/explorer/tx/eth/0x0eb8f8d148508e752d9643ccf49ac4cb0c21cbad346b5bbcf2d06974d31bd5c4
gfox-2024-05,DeFiHackLabs (GitHub),DeFiHackLabs PoC: GFOX,https://github.com/SunWeb3Sec/DeFiHackLabs/blob/main/src/test/2024-05/GFOX_exp.sol
gfox-2024-05,neptunemutual.com,GFOX incident analysis,https://neptunemutual.com/blog/how-was-galaxy-fox-token-exploited/
gfox-2024-05,Etherscan,GFOX attack transaction,https://etherscan.io/tx/0x12fe79f1de8aed0ba947cec4dce5d33368d649903cb45a5d3e915cc459e751fc
ght-2024-03,DeFiHackLabs (GitHub),DeFiHackLabs PoC: GHT,https://github.com/SunWeb3Sec/DeFiHackLabs/blob/main/src/test/2024-03/GHT_exp.sol
ght-2024-03,app.blocksec.com,GHT incident analysis,https://app.blocksec.com/explorer/tx/eth/0xd17266bcdf30cbcbd7d0b5a006f43141981aeee2e1f860f68c9a1805ecacbc68?line=3
giddy-vault-v3-2026-04,DeFiHackLabs (GitHub),DeFiHackLabs PoC: GiddyVaultV3,https://github.com/SunWeb3Sec/DeFiHackLabs/blob/main/src/test/2026-04/giddyvaultv3_compound_auth_exp.sol
giddy-vault-v3-2026-04,X (Twitter),GiddyVaultV3 incident analysis,https://x.com/DefimonAlerts/status/2047334517535642024
giddy-vault-v3-2026-04,Etherscan,GiddyVaultV3 attack transaction,https://etherscan.io/tx/0x5edb66a4c2ea55bba95d36d27713e3bb1c67c3c4199a8a1759e754c6f25482e5
good-compound-2023-12,DeFiHackLabs (GitHub),DeFiHackLabs PoC: GoodCompound,https://github.com/SunWeb3Sec/DeFiHackLabs/blob/main/src/test/2023-12/GoodCompound_exp.sol
good-compound-2023-12,Etherscan,GoodCompound attack transaction,https://etherscan.io/tx/0x1106418384414ed56cd7cbb9fedc66a02d39b663d580abc618f2d387348354ab
gooddollar-2023-12,DeFiHackLabs (GitHub),DeFiHackLabs PoC: GoodDollar,https://github.com/SunWeb3Sec/DeFiHackLabs/blob/main/src/test/2023-12/GoodDollar_exp.sol
gooddollar-2023-12,X (Twitter),GoodDollar incident analysis,https://twitter.com/MetaSec_xyz/status/1736428284756607386
gooddollar-2023-12,app.blocksec.com,GoodDollar incident analysis,https://app.blocksec.com/explorer/tx/eth/0x726459a46839c915ee2fb3d8de7f986e3c7391c605b7a622112161a84c7384d0
gradient-maker-pool-2025-06,DeFiHackLabs (GitHub),DeFiHackLabs PoC: GradientMakerPool,https://github.com/SunWeb3Sec/DeFiHackLabs/blob/main/src/test/2025-06/GradientMakerPool_exp.sol
gradient-maker-pool-2025-06,t.me,GradientMakerPool incident analysis,https://t.me/defimon_alerts/1339
gradient-maker-pool-2025-06,Etherscan,GradientMakerPool attack transaction,https://etherscan.io/tx/0xb5cfa3f86ce9506e2364475dc43c44de444b079d4752edbffcdad7d1654b1f67
grok-2023-11,DeFiHackLabs (GitHub),DeFiHackLabs PoC: grok,https://github.com/SunWeb3Sec/DeFiHackLabs/blob/main/src/test/2023-11/grok_exp.sol
grok-2023-11,X (Twitter),grok incident analysis,https://twitter.com/Phalcon_xyz/status/1722841076120130020
harmonys-horizon-bridge-2022-06,DeFiHackLabs (GitHub),DeFiHackLabs PoC: Harmony's Horizon Bridge,https://github.com/SunWeb3Sec/DeFiHackLabs/blob/main/src/test/2022-06/Harmony_multisig_exp.sol
harmonys-horizon-bridge-2022-06,X (Twitter),Harmony's Horizon Bridge incident analysis,https://twitter.com/harmonyprotocol/status/1540110924400324608
harmonys-horizon-bridge-2022-06,Etherscan,Harmony's Horizon Bridge attack transaction,https://etherscan.io/tx/0x27981c7289c372e601c9475e5b5466310be18ed10b59d1ac840145f6e7804c97
harvest-finance-2020-10,DeFiHackLabs (GitHub),DeFiHackLabs PoC: Harvest Finance,https://github.com/SunWeb3Sec/DeFiHackLabs/blob/main/src/test/2020-10/HarvestFinance_exp.sol
harvest-finance-2020-10,rekt.news,Harvest Finance incident analysis,https://rekt.news/harvest-finance-rekt/
harvest-finance-2020-10,Etherscan,Harvest Finance incident analysis,https://etherscan.io/tx/0x35f8d2f572fceaac9288e5d462117850ef2694786992a8c3f6d02612277b0877
heavensgate-2023-09,DeFiHackLabs (GitHub),DeFiHackLabs PoC: HeavensGate,https://github.com/SunWeb3Sec/DeFiHackLabs/blob/main/src/test/2023-09/HeavensGate_exp.sol
heavensgate-2023-09,X (Twitter),HeavensGate incident analysis,https://twitter.com/hexagate_/status/1699003711937216905
heavensgate-2023-09,Etherscan,HeavensGate attack transaction,https://etherscan.io/tx/0x8e1b0ab098c4cc5f632e00b0842b5f825bbd15ded796d4a59880bb724f6c5372
hedgeyfinance-2024-04,DeFiHackLabs (GitHub),DeFiHackLabs PoC: HedgeyFinance,https://github.com/SunWeb3Sec/DeFiHackLabs/blob/main/src/test/2024-04/HedgeyFinance_exp.sol
hedgeyfinance-2024-04,Medium,HedgeyFinance incident analysis,https://medium.com/@CUBE3AI/hedgey-finance-hack-detected-by-cube3-ai-minutes-before-exploit-1f500e7052d4
hedgeyfinance-2024-04,Etherscan,HedgeyFinance attack transaction,https://etherscan.io/tx/0x2606d459a50ca4920722a111745c2eeced1d8a01ff25ee762e22d5d4b1595739
hegicoptions-2025-02,DeFiHackLabs (GitHub),DeFiHackLabs PoC: HegicOptions,https://github.com/SunWeb3Sec/DeFiHackLabs/blob/main/src/test/2025-02/HegicOptions_exp.sol
hexotic-2025-08,DeFiHackLabs (GitHub),DeFiHackLabs PoC: Hexotic,https://github.com/SunWeb3Sec/DeFiHackLabs/blob/main/src/test/2025-08/Hexotic_exp.sol
hexotic-2025-08,t.me,Hexotic incident analysis,https://t.me/defimon_alerts/1757
hexotic-2025-08,Etherscan,Hexotic attack transaction,https://etherscan.io/tx/0x23b69bef57656f493548a5373300f7557777f352ade8131353ff87a1b27e2bb3
hopelend-2023-10,DeFiHackLabs (GitHub),DeFiHackLabs PoC: Hopelend,https://github.com/SunWeb3Sec/DeFiHackLabs/blob/main/src/test/2023-10/Hopelend_exp.sol
hopelend-2023-10,Medium,Hopelend incident analysis,https://lunaray.medium.com/deep-dive-into-hopelend-hack-5962e8b55d3f
hopelend-2023-10,Etherscan,Hopelend attack transaction,https://etherscan.io/tx/0x1a7ee0a7efc70ed7429edef069a1dd001fbff378748d91f17ab1876dc6d10392
hoppyfrogerc-2024-04,DeFiHackLabs (GitHub),DeFiHackLabs PoC: HoppyFrogERC,https://github.com/SunWeb3Sec/DeFiHackLabs/blob/main/src/test/2024-04/HoppyFrogERC_exp.sol
hoppyfrogerc-2024-04,X (Twitter),HoppyFrogERC incident analysis,https://x.com/ChainAegis/status/1775351437410918420
hoppyfrogerc-2024-04,app.blocksec.com,HoppyFrogERC incident analysis,https://app.blocksec.com/explorer/tx/eth/0x6fb7f8e9eb09d6ae17dbe82b2b42f46f64fb9c3197438b68ecf03e832d5fc791
hypr-2023-12,DeFiHackLabs (GitHub),DeFiHackLabs PoC: HYPR,https://github.com/SunWeb3Sec/DeFiHackLabs/blob/main/src/test/2023-12/HYPR_exp.sol
hypr-2023-12,X (Twitter),HYPR incident analysis,https://twitter.com/BlockSecTeam/status/1735197818883588574
hypr-2023-12,X (Twitter),HYPR incident analysis,https://twitter.com/MevRefund/status/1734791082376941810
idolsnft-2025-01,DeFiHackLabs (GitHub),DeFiHackLabs PoC: IdolsNFT,https://github.com/SunWeb3Sec/DeFiHackLabs/blob/main/src/test/2025-01/IdolsNFT_exp.sol
idolsnft-2025-01,rekt.news,IdolsNFT incident analysis,https://rekt.news/theidolsnft-rekt
idolsnft-2025-01,X (Twitter),IdolsNFT incident analysis,https://x.com/TenArmorAlert/status/1879376744161132981
indexed-finance-2021-10,DeFiHackLabs (GitHub),DeFiHackLabs PoC: Indexed Finance,https://github.com/SunWeb3Sec/DeFiHackLabs/blob/main/src/test/2021-10/IndexedFinance_exp.sol
indexed-finance-2021-10,Medium,Indexed Finance incident analysis,https://blocksecteam.medium.com/the-analysis-of-indexed-finance-security-incident-8a62b9799836
indexed-finance-2021-10,Etherscan,Indexed Finance attack transaction,https://etherscan.io/tx/0x44aad3b853866468161735496a5d9cc961ce5aa872924c5d78673076b1cd95aa
initcode-factory-fees-2025-06,DeFiHackLabs (GitHub),DeFiHackLabs PoC: InitcodeFactoryFees,https://github.com/SunWeb3Sec/DeFiHackLabs/blob/main/src/test/2025-06/InitcodeFactoryFees_exp.sol
initcode-factory-fees-2025-06,t.me,InitcodeFactoryFees incident analysis,https://t.me/defimon_alerts/1366
initcode-factory-fees-2025-06,Etherscan,InitcodeFactoryFees attack transaction,https://etherscan.io/tx/0x837752ca27743c9b37d901ff6cf9cdbe98b6097c660394a390de075455d8ccea
inverse-finance-2022-06,DeFiHackLabs (GitHub),DeFiHackLabs PoC: InverseFinance,https://github.com/SunWeb3Sec/DeFiHackLabs/blob/main/src/test/2022-06/InverseFinance_exp.sol
inverse-finance-2022-06,Medium,InverseFinance incident analysis,https://blocksecteam.medium.com/price-oracle-manipulation-attack-on-inverse-finance-a5544218ea91
inverse-finance-2022-06,X (Twitter),InverseFinance incident analysis,https://twitter.com/peckshield/status/1537382891230883841
jokinthebox-2024-06,DeFiHackLabs (GitHub),DeFiHackLabs PoC: JokInTheBox,https://github.com/SunWeb3Sec/DeFiHackLabs/blob/main/src/test/2024-06/JokInTheBox_exp.sol
jokinthebox-2024-06,Etherscan,JokInTheBox attack transaction,https://etherscan.io/tx/0xe8277ef6ba8611bd12dc5a6e7ca4b984423bc0b3828159f83b466fdcf4fe054f
juice-2024-03,DeFiHackLabs (GitHub),DeFiHackLabs PoC: Juice,https://github.com/SunWeb3Sec/DeFiHackLabs/blob/main/src/test/2024-03/Juice_exp.sol
juice-2024-03,Medium,Juice incident analysis,https://medium.com/@juicebotapp/juice-staking-exploit-next-steps-95e218b3ec71
juice-2024-03,Etherscan,Juice attack transaction,https://etherscan.io/tx/0xc9b2cbc1437bbcd8c328b6d7cdbdae33d7d2a9ef07eca18b4922aac0430991e7
juicebox-revloans-2026-04,DeFiHackLabs (GitHub),DeFiHackLabs PoC: JuiceboxREVLoans,https://github.com/SunWeb3Sec/DeFiHackLabs/blob/main/src/test/2026-04/JuiceboxREVLoans_exp.sol
juicebox-revloans-2026-04,X (Twitter),JuiceboxREVLoans incident analysis,https://x.com/DefimonAlerts/status/2046862935650345139
juicebox-revloans-2026-04,Etherscan,JuiceboxREVLoans attack transaction,https://etherscan.io/tx/0x9adbd62355eb72b4ff6c58716a503133672ed9317ab930a4c6aa31c7a1a8f938
jumpfarm-2023-09,DeFiHackLabs (GitHub),DeFiHackLabs PoC: JumpFarm,https://github.com/SunWeb3Sec/DeFiHackLabs/blob/main/src/test/2023-09/JumpFarm_exp.sol
jumpfarm-2023-09,X (Twitter),JumpFarm incident analysis,https://twitter.com/DecurityHQ/status/1699384904218202618
ktaf-2023-10,DeFiHackLabs (GitHub),DeFiHackLabs PoC: kTAF,https://github.com/SunWeb3Sec/DeFiHackLabs/blob/main/src/test/2023-10/kTAF_exp.sol
ktaf-2023-10,defimon.xyz,kTAF incident analysis,https://defimon.xyz/attack/mainnet/0x325999373f1aae98db2d89662ff1afbe0c842736f7564d16a7b52bf5c777d3a4
ktaf-2023-10,Etherscan,kTAF attack transaction,https://etherscan.io/tx/0x325999373f1aae98db2d89662ff1afbe0c842736f7564d16a7b52bf5c777d3a4
kyberswap-2023-11,DeFiHackLabs (GitHub),DeFiHackLabs PoC: KyberSwap,https://github.com/SunWeb3Sec/DeFiHackLabs/blob/main/src/test/2023-11/KyberSwap_exp.eth.1.sol
kyberswap-2023-11,blocksec.com,KyberSwap incident analysis,https://blocksec.com/blog/yet-another-tragedy-of-precision-loss-an-in-depth-analysis-of-the-kyber-swap-incident-1
kyberswap-2023-11,X (Twitter),KyberSwap incident analysis,https://twitter.com/BlockSecTeam/status/1727560157888942331
laundromat-2025-04,DeFiHackLabs (GitHub),DeFiHackLabs PoC: Laundromat,https://github.com/SunWeb3Sec/DeFiHackLabs/blob/main/src/test/2025-04/Laundromat_exp.sol
laundromat-2025-04,X (Twitter),Laundromat incident analysis,https://x.com/TenArmorAlert/status/1909814943290884596
laura-token-2025-01,DeFiHackLabs (GitHub),DeFiHackLabs PoC: LAURAToken,https://github.com/SunWeb3Sec/DeFiHackLabs/blob/main/src/test/2025-01/LAURAToken_exp.sol
laura-token-2025-01,X (Twitter),LAURAToken incident analysis,https://x.com/TenArmorAlert/status/1874455664187023752
laura-token-2025-01,Etherscan,LAURAToken attack transaction,https://etherscan.io/tx/0xef34f4fdf03e403e3c94e96539354fb4fe0b79a5ec927eacc63bc04108dbf420
lendfme-2020-04,DeFiHackLabs (GitHub),DeFiHackLabs PoC: LendfMe,https://github.com/SunWeb3Sec/DeFiHackLabs/blob/main/src/test/2020-04/LendfMe_exp.sol
lendfme-2020-04,Medium,LendfMe incident analysis,https://peckshield.medium.com/uniswap-lendf-me-hacks-root-cause-and-loss-analysis-50f3263dcc09
lendfme-2020-04,Etherscan,LendfMe attack transaction,https://etherscan.io/tx/0xae7d664bdfcc54220df4f18d339005c6faf6e62c9ca79c56387bc0389274363b
leveragesir-2025-03,DeFiHackLabs (GitHub),DeFiHackLabs PoC: LeverageSIR,https://github.com/SunWeb3Sec/DeFiHackLabs/blob/main/src/test/2025-03/LeverageSIR_exp.sol
leveragesir-2025-03,X (Twitter),LeverageSIR incident analysis,https://x.com/TenArmorAlert/status/1906268185046745262
leveragesir-2025-03,Etherscan,LeverageSIR attack transaction,https://etherscan.io/tx/0xa05f047ddfdad9126624c4496b5d4a59f961ee7c091e7b4e38cee86f1335736f
li-fi-2022-03,DeFiHackLabs (GitHub),DeFiHackLabs PoC: Li.Fi,https://github.com/SunWeb3Sec/DeFiHackLabs/blob/main/src/test/2022-03/LiFi_exp.sol
li-fi-2022-03,blog.li.fi,Li.Fi incident analysis,https://blog.li.fi/20th-march-the-exploit-e9e1c5c03eb9
lifiprotocol-2024-07,DeFiHackLabs (GitHub),DeFiHackLabs PoC: Lifiprotocol,https://github.com/SunWeb3Sec/DeFiHackLabs/blob/main/src/test/2024-07/Lifiprotocol_exp.sol
lifiprotocol-2024-07,app.blocksec.com,Lifiprotocol incident analysis,https://app.blocksec.com/explorer/tx/eth/0xd82fe84e63b1aa52e1ce540582ee0895ba4a71ec5e7a632a3faa1aff3e763873
lqdx-2024-01,DeFiHackLabs (GitHub),DeFiHackLabs PoC: LQDX,https://github.com/SunWeb3Sec/DeFiHackLabs/blob/main/src/test/2024-01/LQDX_alert_exp.sol
lqdx-2024-01,X (Twitter),LQDX incident analysis,https://twitter.com/SlowMist_Team/status/1744972012865671452
luckytiger-nft-2022-08,DeFiHackLabs (GitHub),DeFiHackLabs PoC: LuckyTiger NFT,https://github.com/SunWeb3Sec/DeFiHackLabs/blob/main/src/test/2022-08/LuckyTiger_exp.sol
luckytiger-nft-2022-08,X (Twitter),LuckyTiger NFT incident analysis,https://twitter.com/1nf0s3cpt/status/1576117129589317633
luckytiger-nft-2022-08,Etherscan,LuckyTiger NFT attack transaction,https://etherscan.io/tx/0x804ff3801542bff435a5d733f4d8a93a535d73d0de0f843fd979756a7eab26af
maestrorouter2-2023-10,DeFiHackLabs (GitHub),DeFiHackLabs PoC: MaestroRouter2,https://github.com/SunWeb3Sec/DeFiHackLabs/blob/main/src/test/2023-10/MaestroRouter2_exp.sol
maestrorouter2-2023-10,X (Twitter),MaestroRouter2 incident analysis,https://twitter.com/Phalcon_xyz/status/1717014871836098663
maestrorouter2-2023-10,X (Twitter),MaestroRouter2 incident analysis,https://twitter.com/BeosinAlert/status/1717013965203804457
mahalend-2023-11,DeFiHackLabs (GitHub),DeFiHackLabs PoC: MahaLend,https://github.com/SunWeb3Sec/DeFiHackLabs/blob/main/src/test/2023-11/MahaLend_exp.sol
mahalend-2023-11,X (Twitter),MahaLend incident analysis,https://twitter.com/Phalcon_xyz/status/1723223766350832071
mahalend-2023-11,Etherscan,MahaLend attack transaction,https://etherscan.io/tx/0x2881e839d4d562fad5356183e4f6a9d427ba6f475614ce8ef64dbfe557a4a2cc
mainnet-settler-2024-11,DeFiHackLabs (GitHub),DeFiHackLabs PoC: MainnetSettler,https://github.com/SunWeb3Sec/DeFiHackLabs/blob/main/src/test/2024-11/MainnetSettler_exp.sol
mainnet-settler-2024-11,X (Twitter),MainnetSettler incident analysis,https://x.com/TenArmorAlert/status/1859416451473604902
mainnet-settler-2024-11,Etherscan,MainnetSettler attack transaction,https://etherscan.io/tx/0xfab5912f858b3768b7b7d312abcc02b64af7b1e1b62c4f29a2c1a2d1568e9fa2
makina-2026-01,DeFiHackLabs (GitHub),DeFiHackLabs PoC: Makina,https://github.com/SunWeb3Sec/DeFiHackLabs/blob/main/src/test/2026-01/makina_exp.sol
makina-2026-01,X (Twitter),Makina incident analysis,https://x.com/TenArmorAlert/status/2013460083078836342
makina-2026-01,X (Twitter),Makina incident analysis,https://x.com/CertiKAlert/status/2013473512116363734
mcai-2025-01,DeFiHackLabs (GitHub),DeFiHackLabs PoC: MCAI,https://github.com/SunWeb3Sec/DeFiHackLabs/blob/main/src/test/2025-01/MCAI_exp.sol
mcai-2025-01,t.me,MCAI incident analysis,https://t.me/defimon_alerts/409
mcai-2025-01,Etherscan,MCAI attack transaction,https://etherscan.io/tx/0xfbe3bc868d555ef617bb1c32d1d8d5ec8b825bf2b4795dd99b47b321f36f3c21
meta-pool-2025-06,DeFiHackLabs (GitHub),DeFiHackLabs PoC: MetaPool,https://github.com/SunWeb3Sec/DeFiHackLabs/blob/main/src/test/2025-06/MetaPool_exp.sol
meta-pool-2025-06,X (Twitter),MetaPool incident analysis,https://x.com/peckshield/status/1934895187102454206
meta-pool-2025-06,Etherscan,MetaPool attack transaction,https://etherscan.io/tx/0x57ee419a001d85085478d04dd2a73daa91175b1d7c11d8a8fb5622c56fd1fa69
metalend-2023-11,DeFiHackLabs (GitHub),DeFiHackLabs PoC: MetaLend,https://github.com/SunWeb3Sec/DeFiHackLabs/blob/main/src/test/2023-11/MetaLend_exp.sol
metalend-2023-11,X (Twitter),MetaLend incident analysis,https://x.com/MetaSec_xyz/status/1728424965257691173
metalend-2023-11,app.blocksec.com,MetaLend incident analysis,https://app.blocksec.com/explorer/tx/eth/0x4c684fb2618c29743531dec9253ede1b757bda0b323dc2f305e3b50ab1773da7
mevbot-0xa247-2023-11,DeFiHackLabs (GitHub),DeFiHackLabs PoC: MEVBot_0xa247,https://github.com/SunWeb3Sec/DeFiHackLabs/blob/main/src/test/2023-11/MEV_0xa247_exp.sol
mevbot-0xa247-2023-11,X (Twitter),MEVBot_0xa247 incident analysis,https://twitter.com/Phalcon_xyz/status/1723591214262632562
mevbot-0xdd7c-2024-07,DeFiHackLabs (GitHub),DeFiHackLabs PoC: MEVbot_0xdd7c,https://github.com/SunWeb3Sec/DeFiHackLabs/blob/main/src/test/2024-07/MEVbot_0xdd7c_exp.sol
mevbot-0xdd7c-2024-07,X (Twitter),MEVbot_0xdd7c incident analysis,https://x.com/SlowMist_Team/status/1815656653100077532
mevbot-0xdd7c-2024-07,app.blocksec.com,MEVbot_0xdd7c incident analysis,https://app.blocksec.com/explorer/tx/eth/0x53334c36502bd022bd332f2aa493862fd8f722138d1989132a46efddcc6b04d4
mevbot-2022-09,DeFiHackLabs (GitHub),DeFiHackLabs PoC: MEVBOT,https://github.com/SunWeb3Sec/DeFiHackLabs/blob/main/src/test/2022-09/MEVbadc0de_exp.sol
mevbot-2022-09,rekt.news,MEVBOT incident analysis,https://rekt.news/ripmevbot/
mevbot-2023-11,DeFiHackLabs (GitHub),DeFiHackLabs PoC: MEVbot,https://github.com/SunWeb3Sec/DeFiHackLabs/blob/main/src/test/2023-11/bot_exp.sol
mevbot-2023-11,X (Twitter),MEVbot incident analysis,https://twitter.com/BlockSecTeam/status/1722101942061601052
mevbota47b-2022-10,DeFiHackLabs (GitHub),DeFiHackLabs PoC: MEVBOTa47b,https://github.com/SunWeb3Sec/DeFiHackLabs/blob/main/src/test/2022-10/MEVa47b_exp.sol
mevbota47b-2022-10,X (Twitter),MEVBOTa47b incident analysis,https://twitter.com/BlockSecTeam/status/1580779311862190080
mevbota47b-2022-10,Etherscan,MEVBOTa47b attack transaction,https://etherscan.io/tx/0x35ecf595864400696853c53edf3e3d60096639b6071cadea6076c9c6ceb921c1
mim-spell-2024-01,DeFiHackLabs (GitHub),DeFiHackLabs PoC: MIMSpell,https://github.com/SunWeb3Sec/DeFiHackLabs/blob/main/src/test/2024-01/MIMSpell2_exp.sol
mim-spell-2024-01,X (Twitter),MIMSpell incident analysis,https://twitter.com/kankodu/status/1752581744803680680
mim-spell-2024-01,X (Twitter),MIMSpell incident analysis,https://twitter.com/peckshield/status/1752279373779194011
mimspell3-2025-10,DeFiHackLabs (GitHub),DeFiHackLabs PoC: MIMSpell3,https://github.com/SunWeb3Sec/DeFiHackLabs/blob/main/src/test/2025-10/MIMSpell3_exp.sol
mimspell3-2025-10,X (Twitter),MIMSpell3 incident analysis,https://x.com/Phalcon_xyz/status/1974532815208485102
mimspell3-2025-10,Etherscan,MIMSpell3 attack transaction,https://etherscan.io/tx/0x842aae91c89a9e5043e64af34f53dc66daf0f033ad8afbf35ef0c93f99a9e5e6
miner-2024-02,DeFiHackLabs (GitHub),DeFiHackLabs PoC: Miner,https://github.com/SunWeb3Sec/DeFiHackLabs/blob/main/src/test/2024-02/Miner_exp.sol
miner-2024-02,X (Twitter),Miner incident analysis,https://twitter.com/Phalcon_xyz/status/1757777340002681326
miner-2024-02,Etherscan,Miner attack transaction,https://etherscan.io/tx/0x75e3aeb00df69882a1b15d424e5e642650326ca3b923d7fd1922d57c51bc2c78
monox-finance-2021-11,DeFiHackLabs (GitHub),DeFiHackLabs PoC: MonoX Finance,https://github.com/SunWeb3Sec/DeFiHackLabs/blob/main/src/test/2021-11/Mono_exp.sol
monox-finance-2021-11,Medium,MonoX Finance incident analysis,https://slowmist.medium.com/detailed-analysis-of-the-31-million-monox-protocol-hack-574d8c44a9c8
multichain-anyswap-2022-01,DeFiHackLabs (GitHub),DeFiHackLabs PoC: Multichain (Anyswap),https://github.com/SunWeb3Sec/DeFiHackLabs/blob/main/src/test/2022-01/Anyswap_exp.sol
multichain-anyswap-2022-01,Medium,Multichain (Anyswap) incident analysis,https://medium.com/zengo/without-permit-multichains-exploit-explained-8417e8c1639b
multitransferswap-2025-04,DeFiHackLabs (GitHub),DeFiHackLabs PoC: multitransferswap,https://github.com/SunWeb3Sec/DeFiHackLabs/blob/main/src/test/2025-04/multitransferswap_exp.sol
multitransferswap-2025-04,t.me,multitransferswap incident analysis,https://t.me/defimon_alerts/929
multitransferswap-2025-04,Etherscan,multitransferswap attack transaction,https://etherscan.io/tx/0xbb82787a24d9b8d1047bbc12fe5d4b8d4ad3fc3e32e997985043ec3ef6d7dffe
nft-trader-2023-12,DeFiHackLabs (GitHub),DeFiHackLabs PoC: NFTTrader,https://github.com/SunWeb3Sec/DeFiHackLabs/blob/main/src/test/2023-12/NFTTrader_exp.sol
nft-trader-2023-12,X (Twitter),NFTTrader incident analysis,https://twitter.com/SlowMist_Team/status/1736005523550646535
nft-trader-2023-12,X (Twitter),NFTTrader incident analysis,https://twitter.com/AnciliaInc/status/1736263884217139333
nimbus-2021-09,DeFiHackLabs (GitHub),DeFiHackLabs PoC: Nimbus Platform,https://github.com/SunWeb3Sec/DeFiHackLabs/blob/main/src/test/2021-09/Nimbus_exp.sol
nimbus-2021-09,X (Twitter),Nimbus Platform incident analysis,https://twitter.com/BlockSecTeam/status/1438100688215560192
nomad-bridge-2022-08,DeFiHackLabs (GitHub),DeFiHackLabs PoC: Nomad Bridge,https://github.com/SunWeb3Sec/DeFiHackLabs/blob/main/src/test/2022-08/NomadBridge_exp.sol
nomad-bridge-2022-08,X (Twitter),Nomad Bridge incident analysis,https://twitter.com/samczsun/status/1554252024723546112
nomad-bridge-2022-08,certik.com,Nomad Bridge incident analysis,https://www.certik.com/resources/blog/28fMavD63CpZJOKOjb9DX3-nomad-bridge-exploit-incident-analysis
nowswap-2021-09,DeFiHackLabs (GitHub),DeFiHackLabs PoC: NowSwap Platform,https://github.com/SunWeb3Sec/DeFiHackLabs/blob/main/src/test/2021-09/NowSwap_exp.sol
nowswap-2021-09,X (Twitter),NowSwap Platform incident analysis,https://twitter.com/BlockSecTeam/status/1438100688215560192
olympusdao-2022-10,DeFiHackLabs (GitHub),DeFiHackLabs PoC: OlympusDAO,https://github.com/SunWeb3Sec/DeFiHackLabs/blob/main/src/test/2022-10/OlympusDao_exp.sol
olympusdao-2022-10,X (Twitter),OlympusDAO incident analysis,https://twitter.com/peckshield/status/1583416829237526528
olympusdao-2022-10,Etherscan,OlympusDAO attack transaction,https://etherscan.io/tx/0x3ed75df83d907412af874b7998d911fdf990704da87c2b1a8cf95ca5d21504cf
omni-nft-2022-07,DeFiHackLabs (GitHub),DeFiHackLabs PoC: Omni NFT,https://github.com/SunWeb3Sec/DeFiHackLabs/blob/main/src/test/2022-07/Omni_exp.sol
omni-nft-2022-07,X (Twitter),Omni NFT incident analysis,https://twitter.com/SlowMist_Team/status/1546379086792388609
omni-nft-2022-07,Etherscan,Omni NFT incident analysis,https://etherscan.io/tx/0x05d65e0adddc5d9ccfe6cd65be4a7899ebcb6e5ec7a39787971bcc3d6ba73996
onyxprotocol-2023-11,DeFiHackLabs (GitHub),DeFiHackLabs PoC: OnyxProtocol,https://github.com/SunWeb3Sec/DeFiHackLabs/blob/main/src/test/2023-11/OnyxProtocol_exp.sol
onyxprotocol-2023-11,X (Twitter),OnyxProtocol incident analysis,https://twitter.com/Phalcon_xyz/status/1719697319824851051
onyxprotocol-2023-11,defimon.xyz,OnyxProtocol incident analysis,https://defimon.xyz/attack/mainnet/0xf7c21600452939a81b599017ee24ee0dfd92aaaccd0a55d02819a7658a6ef635
opyn-protocol-2020-08,DeFiHackLabs (GitHub),DeFiHackLabs PoC: Opyn Protocol,https://github.com/SunWeb3Sec/DeFiHackLabs/blob/main/src/test/2020-08/Opyn_exp.sol
opyn-protocol-2020-08,Medium,Opyn Protocol incident analysis,https://medium.com/opyn/opyn-eth-put-exploit-post-mortem-1a009e3347a8
opyn-protocol-2020-08,Etherscan,Opyn Protocol incident analysis,https://etherscan.io/tx/0x56de6c4bd906ee0c067a332e64966db8b1e866c7965c044163a503de6ee6552a
orbit-chain-2024-01,DeFiHackLabs (GitHub),DeFiHackLabs PoC: OrbitChain,https://github.com/SunWeb3Sec/DeFiHackLabs/blob/main/src/test/2024-01/OrbitChain_exp.sol
orbit-chain-2024-01,blog.solidityscan.com,OrbitChain incident analysis,https://blog.solidityscan.com/orbit-chain-hack-analysis-b71c36a54a69
paid-network-2021-03,DeFiHackLabs (GitHub),DeFiHackLabs PoC: Paid Network,https://github.com/SunWeb3Sec/DeFiHackLabs/blob/main/src/test/2021-03/PAID_exp.sol
paid-network-2021-03,Medium,Paid Network incident analysis,https://paidnetwork.medium.com/paid-network-attack-postmortem-march-7-2021-9e4c0fef0e07
paid-network-2021-03,Etherscan,Paid Network attack transaction,https://etherscan.io/tx/0x4bb10927ea7afc2336033574b74ebd6f73ef35ac0db1bb96229627c9d77555a0
pandora-2024-02,DeFiHackLabs (GitHub),DeFiHackLabs PoC: Pandora,https://github.com/SunWeb3Sec/DeFiHackLabs/blob/main/src/test/2024-02/PANDORA_exp.sol
pandora-2024-02,X (Twitter),Pandora incident analysis,https://twitter.com/pennysplayer/status/1766479470058406174
pandora-2024-02,app.blocksec.com,Pandora incident analysis,https://app.blocksec.com/explorer/tx/eth/0x7c5a909b45014e35ddb89697f6be38d08eff30e7c3d3d553033a6efc3b444fdd
paraswap-2024-03,DeFiHackLabs (GitHub),DeFiHackLabs PoC: Paraswap,https://github.com/SunWeb3Sec/DeFiHackLabs/blob/main/src/test/2024-03/Paraswap_exp.sol
paraswap-2024-03,Medium,Paraswap incident analysis,https://medium.com/neptune-mutual/analysis-of-the-paraswap-exploit-1f97c604b4fe
paraswap-2024-03,app.blocksec.com,Paraswap incident analysis,https://app.blocksec.com/explorer/tx/eth/0x35a73969f582872c25c96c48d8bb31c23eab8a49c19282c67509b96186734e60
paraswap-dai-approval-2025-06,DeFiHackLabs (GitHub),DeFiHackLabs PoC: ParaSwapDAIApproval,https://github.com/SunWeb3Sec/DeFiHackLabs/blob/main/src/test/2025-06/ParaSwapDAIApproval_exp.sol
paraswap-dai-approval-2025-06,t.me,ParaSwapDAIApproval incident analysis,https://t.me/defimon_alerts/1352
paraswap-dai-approval-2025-06,Etherscan,ParaSwapDAIApproval attack transaction,https://etherscan.io/tx/0xed5f932a136ef95b943951ce103b3edbe600bf2c2607edff7b6ea9ada35ca300
parity-2017-11,DeFiHackLabs (GitHub),DeFiHackLabs PoC: Parity,https://github.com/SunWeb3Sec/DeFiHackLabs/blob/main/src/test/2017-11/Parity_kill_exp.sol
parity-2017-11,elementus.io,Parity incident analysis,https://elementus.io/blog/which-icos-are-affected-by-the-parity-wallet-bug/
parity-2017-11,Etherscan,Parity incident analysis,https://etherscan.io/tx/0x47f7cff7a5e671884629c93b368cb18f58a993f4b19c2a53a8662e3f1482f690
parity-multisig-2017-07,DeFiHackLabs (GitHub),DeFiHackLabs PoC: Parity Multisig,https://github.com/SunWeb3Sec/DeFiHackLabs/blob/main/src/test/2017-07/Parity_first_hack_exp.sol
parity-multisig-2017-07,openzeppelin.com,Parity Multisig incident analysis,https://www.openzeppelin.com/news/on-the-parity-wallet-multisig-hack-405a8c12e8f7
parity-multisig-2017-07,haseebq.com,Parity Multisig incident analysis,https://haseebq.com/a-hacker-stole-31m-of-ether/
particle-trade-2024-02,DeFiHackLabs (GitHub),DeFiHackLabs PoC: ParticleTrade,https://github.com/SunWeb3Sec/DeFiHackLabs/blob/main/src/test/2024-02/ParticleTrade_exp.sol
particle-trade-2024-02,X (Twitter),ParticleTrade incident analysis,https://twitter.com/Phalcon_xyz/status/1758028270770250134
particle-trade-2024-02,Etherscan,ParticleTrade attack transaction,https://etherscan.io/tx/0xd9b3e229acc755881890394cc76fde0d7b83b1abd4d046b0f69c1fd9fd495ff6
peapods-finance-2024-01,DeFiHackLabs (GitHub),DeFiHackLabs PoC: PeapodsFinance,https://github.com/SunWeb3Sec/DeFiHackLabs/blob/main/src/test/2024-01/PeapodsFinance_exp.sol
peapods-finance-2024-01,app.blocksec.com,PeapodsFinance incident analysis,https://app.blocksec.com/explorer/tx/eth/0x95c1604789c93f41940a7fd9eca11276975a9a65d250b89a247736287dbd2b7e
peapods-finance-2025-02,DeFiHackLabs (GitHub),DeFiHackLabs PoC: Peapods Finance,https://github.com/SunWeb3Sec/DeFiHackLabs/blob/main/src/test/2025-02/PeapodsFinance_exp.sol
peapods-finance-2025-02,blog.solidityscan.com,Peapods Finance incident analysis,https://blog.solidityscan.com/peapods-finance-hack-analysis-bdc5432107a5
peapods-finance-2025-02,Etherscan,Peapods Finance attack transaction,https://etherscan.io/tx/0x2c1a19982aa88bee8a5d9a5dfeb406f2bfe1cfc1213f20e91d91ce3b55c86cc5
pegaball-2025-06,DeFiHackLabs (GitHub),DeFiHackLabs PoC: PegaBall,https://github.com/SunWeb3Sec/DeFiHackLabs/blob/main/src/test/2025-06/PegaBall_exp.sol
pegaball-2025-06,t.me,PegaBall incident analysis,https://t.me/defimon_alerts/1229
pegaball-2025-06,Etherscan,PegaBall attack transaction,https://etherscan.io/tx/0x3cecc3f347edff1d27a0c929f2e7a4c04522afb3a74e24db94684cb6b51b1d65
pickle-finance-2020-11,DeFiHackLabs (GitHub),DeFiHackLabs PoC: Pickle Finance,https://github.com/SunWeb3Sec/DeFiHackLabs/blob/main/src/test/2020-11/Pickle_exp.sol
pickle-finance-2020-11,GitHub,Pickle Finance incident analysis,https://github.com/banteg/evil-jar
pickle-finance-2020-11,Etherscan,Pickle Finance attack transaction,https://etherscan.io/tx/0xe72d4e7ba9b5af0cf2a8cfb1e30fd9f388df0ab3da79790be842bfbed11087b0
pikefinance-2024-04,DeFiHackLabs (GitHub),DeFiHackLabs PoC: PikeFinance,https://github.com/SunWeb3Sec/DeFiHackLabs/blob/main/src/test/2024-04/PikeFinance_exp.sol
pikefinance-2024-04,X (Twitter),PikeFinance incident analysis,https://twitter.com/Phalcon_xyz/status/1785508900093194591
pikefinance-2024-04,Etherscan,PikeFinance attack transaction,https://etherscan.io/tx/0xe2912b8bf34d561983f2ae95f34e33ecc7792a2905a3e317fcc98052bce66431
pine-protocol-2023-12,DeFiHackLabs (GitHub),DeFiHackLabs PoC: PineProtocol,https://github.com/SunWeb3Sec/DeFiHackLabs/blob/main/src/test/2023-12/PineProtocol_exp.sol
pine-protocol-2023-12,Medium,PineProtocol incident analysis,https://medium.com/neptune-mutual/analysis-of-the-pine-protocol-exploit-e09dbcb80ca0
pine-protocol-2023-12,X (Twitter),PineProtocol incident analysis,https://twitter.com/MistTrack_io/status/1738131780459430338
poly-network-2021-08,DeFiHackLabs (GitHub),DeFiHackLabs PoC: Poly Network,https://github.com/SunWeb3Sec/DeFiHackLabs/blob/main/src/test/2021-08/PolyNetwork_exp.sol
poly-network-2021-08,rekt.news,Poly Network incident analysis,https://rekt.news/polynetwork-rekt/
poly-network-2021-08,Medium,Poly Network incident analysis,https://slowmist.medium.com/the-root-cause-of-poly-network-being-hacked-ec2ee1b0c68f
popsicle-finance-2021-08,DeFiHackLabs (GitHub),DeFiHackLabs PoC: Popsicle,https://github.com/SunWeb3Sec/DeFiHackLabs/blob/main/src/test/2021-08/Popsicle_exp.sol
popsicle-finance-2021-08,Medium,Popsicle incident analysis,https://blocksecteam.medium.com/the-analysis-of-the-popsicle-finance-security-incident-9d9d5a3045c1
popsicle-finance-2021-08,Etherscan,Popsicle attack transaction,https://etherscan.io/tx/0xcd7dae143a4c0223349c16237ce4cd7696b1638d116a72755231ede872ab70fc
presale-v5-2025-08,DeFiHackLabs (GitHub),DeFiHackLabs PoC: PresaleV5,https://github.com/SunWeb3Sec/DeFiHackLabs/blob/main/src/test/2025-08/PresaleV5_exp.sol
presale-v5-2025-08,t.me,PresaleV5 incident analysis,https://t.me/defimon_alerts/1688
presale-v5-2025-08,Etherscan,PresaleV5 attack transaction,https://etherscan.io/tx/0x0ef0cde3d8348fdced3adf7d0475ec1364236dd6ab1d8580addad96b004b604a
prismafi-2024-03,DeFiHackLabs (GitHub),DeFiHackLabs PoC: PrismaFi,https://github.com/SunWeb3Sec/DeFiHackLabs/blob/main/src/test/2024-03/Prisma_exp.sol
prismafi-2024-03,X (Twitter),PrismaFi incident analysis,https://twitter.com/PrismaFi/status/1773371030129524957
prismafi-2024-03,Etherscan,PrismaFi attack transaction,https://etherscan.io/tx/0x00c503b595946bccaea3d58025b5f9b3726177bbdc9674e634244135282116c7
pseudoeth-2023-10,DeFiHackLabs (GitHub),DeFiHackLabs PoC: pSeudoEth,https://github.com/SunWeb3Sec/DeFiHackLabs/blob/main/src/test/2023-10/pSeudoEth_exp.sol
pseudoeth-2023-10,X (Twitter),pSeudoEth incident analysis,https://twitter.com/CertiKAlert/status/1710979615164944729
pseudoeth-2023-10,Etherscan,pSeudoEth attack transaction,https://etherscan.io/tx/0x4ab68b21799828a57ea99c1288036889b39bf85785240576e697ebff524b3930
quantumwn-2023-09,DeFiHackLabs (GitHub),DeFiHackLabs PoC: QuantumWN,https://github.com/SunWeb3Sec/DeFiHackLabs/blob/main/src/test/2023-09/QuantumWN_exp.sol
quantumwn-2023-09,X (Twitter),QuantumWN incident analysis,https://x.com/DecurityHQ/status/1699384904218202618
quantumwn-2023-09,app.blocksec.com,QuantumWN incident analysis,https://app.blocksec.com/explorer/tx/eth/0xa4659632a983b3bfd1b6248fd52d8f247a9fcdc1915f7d38f01008cff285d0bf
qubit-finance-2022-01,DeFiHackLabs (GitHub),DeFiHackLabs PoC: Qubit Finance,https://github.com/SunWeb3Sec/DeFiHackLabs/blob/main/src/test/2022-01/Qubit_exp.sol
qubit-finance-2022-01,rekt.news,Qubit Finance incident analysis,https://rekt.news/qubit-rekt/
rabby-wallet-swaprouter-2022-10,DeFiHackLabs (GitHub),DeFiHackLabs PoC: Rabby Wallet SwapRouter,https://github.com/SunWeb3Sec/DeFiHackLabs/blob/main/src/test/2022-10/RabbyWallet_SwapRouter_exp.sol
rabby-wallet-swaprouter-2022-10,X (Twitter),Rabby Wallet SwapRouter incident analysis,https://twitter.com/SlowMist_Team/status/1579839744128978945
rabby-wallet-swaprouter-2022-10,X (Twitter),Rabby Wallet SwapRouter incident analysis,https://twitter.com/BeosinAlert/status/1579856733178331139
raft-fi-2023-11,DeFiHackLabs (GitHub),DeFiHackLabs PoC: Raft_fi,https://github.com/SunWeb3Sec/DeFiHackLabs/blob/main/src/test/2023-11/Raft_exp.sol
raft-fi-2023-11,X (Twitter),Raft_fi incident analysis,https://twitter.com/BlockSecTeam/status/1723229393529835972
raft-fi-2023-11,Etherscan,Raft_fi attack transaction,https://etherscan.io/tx/0xfeedbf51b4e2338e38171f6e19501327294ab1907ab44cfd2d7e7336c975ace7
rari-capital-2021-05,DeFiHackLabs (GitHub),DeFiHackLabs PoC: RariCapital,https://github.com/SunWeb3Sec/DeFiHackLabs/blob/main/src/test/2021-05/RariCapital_exp.sol
rari-capital-2021-05,rekt.news,RariCapital incident analysis,https://rekt.news/rari-capital-rekt/
rari-capital-2021-05,phalcon.blocksec.com,RariCapital incident analysis,https://phalcon.blocksec.com/tx/eth/0x171072422efb5cd461546bfe986017d9b5aa427ff1c07ebe8acc064b13a7b7be
rari-capital-fei-protocol-2022-04,DeFiHackLabs (GitHub),DeFiHackLabs PoC: Rari Capital/Fei Protocol,https://github.com/SunWeb3Sec/DeFiHackLabs/blob/main/src/test/2022-04/Rari_exp.sol
rari-capital-fei-protocol-2022-04,Medium,Rari Capital/Fei Protocol incident analysis,https://certik.medium.com/fei-protocol-incident-analysis-8527440696cc
rari-capital-fei-protocol-2022-04,Etherscan,Rari Capital/Fei Protocol incident analysis,https://etherscan.io/tx/0xab486012f21be741c9e674ffda227e30518e8a1e37a5f1d58d0b0d41f6e76530
rbalancer-2023-11,DeFiHackLabs (GitHub),DeFiHackLabs PoC: RBalancer,https://github.com/SunWeb3Sec/DeFiHackLabs/blob/main/src/test/2023-11/RBalancer_exp.sol
rbalancer-2023-11,X (Twitter),RBalancer incident analysis,https://x.com/AnciliaInc/status/1722121056083943909
rbalancer-2023-11,app.blocksec.com,RBalancer incident analysis,https://app.blocksec.com/explorer/tx/eth/0xbf5b2d22fa88965ddfc6e6d685fc7cfc683340c49e126386759ed9e4027b1415
redacted-cartel-2022-03,DeFiHackLabs (GitHub),DeFiHackLabs PoC: Redacted Cartel,https://github.com/SunWeb3Sec/DeFiHackLabs/blob/main/src/test/2022-03/RedactedCartel_exp.sol
redacted-cartel-2022-03,Medium,Redacted Cartel incident analysis,https://medium.com/immunefi/redacted-cartel-custom-approval-logic-bugfix-review-9b2d039ca2c5
resupply-fi-2025-06,DeFiHackLabs (GitHub),DeFiHackLabs PoC: ResupplyFi,https://github.com/SunWeb3Sec/DeFiHackLabs/blob/main/src/test/2025-06/ResupplyFi_exp.sol
resupply-fi-2025-06,mirror.xyz,ResupplyFi incident analysis,https://mirror.xyz/0x521CB9b35514E9c8a8a929C890bf1489F63B2C84/ygJ1kh6satW9l_NDBM47V87CfaQbn2q0tWy_rtp76OI
resupply-fi-2025-06,X (Twitter),ResupplyFi incident analysis,https://x.com/peckshield/status/1938061948647817647
revest-finance-2022-03,DeFiHackLabs (GitHub),DeFiHackLabs PoC: Revest Finance,https://github.com/SunWeb3Sec/DeFiHackLabs/blob/main/src/test/2022-03/Revest_exp.sol
revest-finance-2022-03,Medium,Revest Finance incident analysis,https://blocksecteam.medium.com/revest-finance-vulnerabilities-more-than-re-entrancy-1609957b742f
revest-finance-2022-03,Etherscan,Revest Finance incident analysis,https://etherscan.io/tx/0xe0b0c2672b760bef4e2851e91c69c8c0ad135c6987bbf1f43f5846d89e691428
rnspay-2025-03,DeFiHackLabs (GitHub),DeFiHackLabs PoC: RnsPay,https://github.com/SunWeb3Sec/DeFiHackLabs/blob/main/src/test/2025-03/RnsPay_exp.sol
rnspay-2025-03,t.me,RnsPay incident analysis,https://t.me/defimon_alerts/562
rnspay-2025-03,Etherscan,RnsPay attack transaction,https://etherscan.io/tx/0x69a825ffedeb4461afc95e21475c011b1675a95d318bb1dd63b13307dfe3b9ed
ronin-network-2022-03,DeFiHackLabs (GitHub),DeFiHackLabs PoC: Ronin Network,https://github.com/SunWeb3Sec/DeFiHackLabs/blob/main/src/test/2022-03/Ronin_exp.sol
ronin-network-2022-03,rekt.news,Ronin Network incident analysis,https://rekt.news/ronin-rekt/
ronin-network-2022-03,Etherscan,Ronin Network incident analysis,https://etherscan.io/tx/0xc28fad5e8d5e0ce6a2eaf67b6687be5d58113e16be590824d6cfa1a94467d0b7
rugged-art-2024-02,DeFiHackLabs (GitHub),DeFiHackLabs PoC: RuggedArt,https://github.com/SunWeb3Sec/DeFiHackLabs/blob/main/src/test/2024-02/RuggedArt_exp.sol
rugged-art-2024-02,X (Twitter),RuggedArt incident analysis,https://twitter.com/EXVULSEC/status/1759822545875025953
rugged-art-2024-02,Etherscan,RuggedArt attack transaction,https://etherscan.io/tx/0x5a63da39b5b83fccdd825fed0226f330f802e995b8e49e19fbdd246876c67e1f
rwavault-2026-04,DeFiHackLabs (GitHub),DeFiHackLabs PoC: RWAVault,https://github.com/SunWeb3Sec/DeFiHackLabs/blob/main/src/test/2026-04/RWAVault_exp.sol
rwavault-2026-04,t.me,RWAVault incident analysis,https://t.me/defimon_alerts/2958
rwavault-2026-04,Etherscan,RWAVault attack transaction,https://etherscan.io/tx/0x6b04344d5627df59d3bc645e7454f4605a90272852a91e435e370376643353b3
saddle-finance-2022-04,DeFiHackLabs (GitHub),DeFiHackLabs PoC: Saddle Finance,https://github.com/SunWeb3Sec/DeFiHackLabs/blob/main/src/test/2022-04/Saddle_exp.sol
saddle-finance-2022-04,Medium,Saddle Finance incident analysis,https://medium.com/immunefi/hack-analysis-saddle-finance-april-2022-f2bcb119f38
saddle-finance-2022-04,X (Twitter),Saddle Finance incident analysis,https://twitter.com/peckshield/status/1520330006710616064
sandbox-land-2022-02,DeFiHackLabs (GitHub),DeFiHackLabs PoC: Sandbox LAND,https://github.com/SunWeb3Sec/DeFiHackLabs/blob/main/src/test/2022-02/Sandbox_exp.sol
sandbox-land-2022-02,Medium,Sandbox LAND incident analysis,https://slowmist.medium.com/the-vulnerability-behind-the-sandbox-land-migration-2abf68933170
sbr-token-2025-03,DeFiHackLabs (GitHub),DeFiHackLabs PoC: SBR Token,https://github.com/SunWeb3Sec/DeFiHackLabs/blob/main/src/test/2025-03/SBRToken_exp.sol
sbr-token-2025-03,X (Twitter),SBR Token incident analysis,https://x.com/TenArmorAlert/status/1897826817429442652
sbr-token-2025-03,Etherscan,SBR Token attack transaction,https://etherscan.io/tx/0xe4c1aeacf8c93f8e39fe78420ce7a114ecf59dea90047cd2af390b30af54e7b9
scorch-2025-02,DeFiHackLabs (GitHub),DeFiHackLabs PoC: Scorch,https://github.com/SunWeb3Sec/DeFiHackLabs/blob/main/src/test/2025-02/Scorch_exp.sol
scorch-2025-02,t.me,Scorch incident analysis,https://t.me/defimon_alerts/451
scorch-2025-02,Etherscan,Scorch attack transaction,https://etherscan.io/tx/0x02dc4409af99de400b2427dad525c31467a8fd2ac6cb251f885d33c073510ba2
scroll-2024-05,DeFiHackLabs (GitHub),DeFiHackLabs PoC: SCROLL,https://github.com/SunWeb3Sec/DeFiHackLabs/blob/main/src/test/2024-05/SCROLL_exp.sol
scroll-2024-05,Etherscan,SCROLL attack transaction,https://etherscan.io/tx/0x661505c39efe1174da44e0548158db95e8e71ce867d5b7190b9eabc9f314fe91
seneca-2024-02,DeFiHackLabs (GitHub),DeFiHackLabs PoC: Seneca,https://github.com/SunWeb3Sec/DeFiHackLabs/blob/main/src/test/2024-02/Seneca_exp.sol
seneca-2024-02,X (Twitter),Seneca incident analysis,https://twitter.com/Phalcon_xyz/status/1763045563040411876
seneca-2024-02,app.blocksec.com,Seneca incident analysis,https://app.blocksec.com/explorer/tx/eth/0x23fcf9d4517f7cc39815b09b0a80c023ab2c8196c826c93b4100f2e26b701286
silo-finance-2025-06,DeFiHackLabs (GitHub),DeFiHackLabs PoC: SiloFinance,https://github.com/SunWeb3Sec/DeFiHackLabs/blob/main/src/test/2025-06/SiloFinance_exp.sol
silo-finance-2025-06,t.me,SiloFinance incident analysis,https://t.me/defimon_alerts/1356
silo-finance-2025-06,Etherscan,SiloFinance attack transaction,https://etherscan.io/tx/0x1f15a193db3f44713d56c4be6679b194f78c2bcdd2ced5b0c7495b7406f5e87a
size-credit-2025-08,DeFiHackLabs (GitHub),DeFiHackLabs PoC: SizeCredit,https://github.com/SunWeb3Sec/DeFiHackLabs/blob/main/src/test/2025-08/SizeCredit_exp.sol
size-credit-2025-08,X (Twitter),SizeCredit incident analysis,https://x.com/SuplabsYi/status/1956306748073230785
size-credit-2025-08,Etherscan,SizeCredit attack transaction,https://etherscan.io/tx/0xc7477d6a5c63b04d37a39038a28b4cbaa06beb167e390d55ad4a421dbe4067f8
size-flash-loan-looping-2025-08,DeFiHackLabs (GitHub),DeFiHackLabs PoC: SizeFlashLoanLooping,https://github.com/SunWeb3Sec/DeFiHackLabs/blob/main/src/test/2025-08/SizeFlashLoanLooping_exp.sol
size-flash-loan-looping-2025-08,t.me,SizeFlashLoanLooping incident analysis,https://t.me/defimon_alerts/1669
size-flash-loan-looping-2025-08,Etherscan,SizeFlashLoanLooping attack transaction,https://etherscan.io/tx/0x63aaa5a9fc87ce419c8b1711effee34e2c726b3ee2c2d28f64b963408d6ea8d3
smartmesh-2018-04,DeFiHackLabs (GitHub),DeFiHackLabs PoC: SmartMesh,https://github.com/SunWeb3Sec/DeFiHackLabs/blob/main/src/test/2018-04/SmartMesh_exp.sol
smartmesh-2018-04,cryptojobslist.com,SmartMesh incident analysis,https://cryptojobslist.com/blog/two-vulnerable-erc20-contracts-deep-dive-beautychain-smartmesh
smartmesh-2018-04,Etherscan,SmartMesh attack transaction,https://etherscan.io/tx/0x1abab4c8db9a30e703114528e31dee129a3a758f7f8abc3b6494aad3d304e43f
snood-2022-06,DeFiHackLabs (GitHub),DeFiHackLabs PoC: SNOOD,https://github.com/SunWeb3Sec/DeFiHackLabs/blob/main/src/test/2022-06/Snood_exp.sol
snood-2022-06,ethereum.stackexchange.com,SNOOD incident analysis,https://ethereum.stackexchange.com/questions/130472/attack-on-erc-777-smart-contract-and-uniswapv2pair-resulting-in-104-eth-liquidit
snood-2022-06,Etherscan,SNOOD incident analysis,https://etherscan.io/tx/0x9a6227ef97d7ce75732645bd604ef128bb5dfbc1bfbe0966ad1cd2870d45a20e
socket-gateway-2024-01,DeFiHackLabs (GitHub),DeFiHackLabs PoC: SocketGateway,https://github.com/SunWeb3Sec/DeFiHackLabs/blob/main/src/test/2024-01/SocketGateway_exp.sol
socket-gateway-2024-01,X (Twitter),SocketGateway incident analysis,https://twitter.com/BeosinAlert/status/1747450173675196674
socket-gateway-2024-01,Etherscan,SocketGateway attack transaction,https://etherscan.io/tx/0xc6c3331fa8c2d30e1ef208424c08c039a89e510df2fb6ae31e5aa40722e28fd6
sor-staking-2025-01,DeFiHackLabs (GitHub),DeFiHackLabs PoC: SorStaking,https://github.com/SunWeb3Sec/DeFiHackLabs/blob/main/src/test/2025-01/sorraStaking.sol
sor-staking-2025-01,X (Twitter),SorStaking incident analysis,https://x.com/TenArmorAlert/status/1875582709512188394
sor-staking-2025-01,app.blocksec.com,SorStaking incident analysis,https://app.blocksec.com/explorer/tx/eth/0x6439d63cc57fb68a32ea8ffd8f02496e8abad67292be94904c0b47a4d14ce90d
spankchain-2018-10,DeFiHackLabs (GitHub),DeFiHackLabs PoC: SpankChain,https://github.com/SunWeb3Sec/DeFiHackLabs/blob/main/src/test/2018-10/SpankChain_exp.sol
spankchain-2018-10,app.blocksec.com,SpankChain incident analysis,https://app.blocksec.com/explorer/tx/eth/0x21e9d20b57f6ae60dac23466c8395d47f42dc24628e5a31f224567a2b4effa88
spankchain-2018-10,Etherscan,SpankChain attack transaction,https://etherscan.io/tx/0x21e9d20b57f6ae60dac23466c8395d47f42dc24628e5a31f224567a2b4effa88
stakeonme-2026-03,DeFiHackLabs (GitHub),DeFiHackLabs PoC: StakeOnMe,https://github.com/SunWeb3Sec/DeFiHackLabs/blob/main/src/test/2026-03/unverified_237d_exp.sol
stakeonme-2026-03,X (Twitter),StakeOnMe incident analysis,https://x.com/DefimonAlerts/status/2034532549905580417
stakeonme-2026-03,Etherscan,StakeOnMe attack transaction,https://etherscan.io/tx/0xed71e72ba1be2cff06438fab558a79936414d24dd1f6d3e58ecadc2a8f673fe5
strategy-llama-lend-convex-2025-07,DeFiHackLabs (GitHub),DeFiHackLabs PoC: StrategyLlamaLendConvex,https://github.com/SunWeb3Sec/DeFiHackLabs/blob/main/src/test/2025-07/StrategyLlamaLendConvex_exp.sol
strategy-llama-lend-convex-2025-07,t.me,StrategyLlamaLendConvex incident analysis,https://t.me/defimon_alerts/1495
strategy-llama-lend-convex-2025-07,Etherscan,StrategyLlamaLendConvex attack transaction,https://etherscan.io/tx/0x2ff7c23dca7e9a86c70004696802cbd37d6a77fc4f3e02522b16617045b764f6
superrare-2025-07,DeFiHackLabs (GitHub),DeFiHackLabs PoC: SuperRare,https://github.com/SunWeb3Sec/DeFiHackLabs/blob/main/src/test/2025-07/SuperRare_exp.sol
superrare-2025-07,X (Twitter),SuperRare incident analysis,https://x.com/SlowMist_Team/status/1949770231733530682
superrare-2025-07,app.blocksec.com,SuperRare incident analysis,https://app.blocksec.com/explorer/tx/eth/0xd813751bfb98a51912b8394b5856ae4515be6a9c6e5583e06b41d9255ba6e3c1
sushiswap-badger-digg-2021-01,DeFiHackLabs (GitHub),DeFiHackLabs PoC: Sushi Badger Digg,https://github.com/SunWeb3Sec/DeFiHackLabs/blob/main/src/test/2021-01/Sushi_Badger_Digg_exp.sol
sushiswap-badger-digg-2021-01,cmichel.io,Sushi Badger Digg incident analysis,https://cmichel.io/replaying-ethereum-hacks-sushiswap-badger-dao-digg/
sushiswap-badger-digg-2021-01,Medium,Sushi Badger Digg incident analysis,https://slowmist.medium.com/slow-mist-sushiswap-was-attacked-for-the-second-time-a47f2d110a84
sushiswap-miso-2021-09,DeFiHackLabs (GitHub),DeFiHackLabs PoC: SushiSwap Miso,https://github.com/SunWeb3Sec/DeFiHackLabs/blob/main/src/test/2021-09/Sushimiso_exp.sol
sushiswap-miso-2021-09,paradigm.xyz,SushiSwap Miso incident analysis,https://www.paradigm.xyz/2021/08/two-rights-might-make-a-wrong
sushiswap-miso-2021-09,Etherscan,SushiSwap Miso incident analysis,https://etherscan.io/tx/0x78d6355703507f88f2090eb780d245b0ab26bf470eabdb004761cedf3b1cda44
swapp-staking-2025-07,DeFiHackLabs (GitHub),DeFiHackLabs PoC: SWAPPStaking,https://github.com/SunWeb3Sec/DeFiHackLabs/blob/main/src/test/2025-07/SWAPPStaking_exp.sol
swapp-staking-2025-07,X (Twitter),SWAPPStaking incident analysis,https://x.com/deeberiroz/status/1947213692220710950
swapp-staking-2025-07,app.blocksec.com,SWAPPStaking incident analysis,https://app.blocksec.com/explorer/tx/eth/0xa02b159fb438c8f0fb2a8d90bc70d8b2273d06b55920b26f637cab072b7a0e3e
swarm-markets-2024-02,DeFiHackLabs (GitHub),DeFiHackLabs PoC: SwarmMarkets,https://github.com/SunWeb3Sec/DeFiHackLabs/blob/main/src/test/2024-02/SwarmMarkets_exp.sol
swarm-markets-2024-02,app.blocksec.com,SwarmMarkets incident analysis,https://app.blocksec.com/explorer/tx/eth/0xa4d7ee2ddb9db06961a17e2a5ae71743a266bcb720be138670f4a10e8dfc13e9
tcdp-2025-04,DeFiHackLabs (GitHub),DeFiHackLabs PoC: tcdp,https://github.com/SunWeb3Sec/DeFiHackLabs/blob/main/src/test/2025-04/tcdp_exp.sol
tcdp-2025-04,t.me,tcdp incident analysis,https://t.me/defimon_alerts/932
tcdp-2025-04,Etherscan,tcdp attack transaction,https://etherscan.io/tx/0x9879031462b16dbf063377c4a8e5b043662576a9a3fb282c5a656953ad00684e
tecraspace-2022-02,DeFiHackLabs (GitHub),DeFiHackLabs PoC: TecraSpace,https://github.com/SunWeb3Sec/DeFiHackLabs/blob/main/src/test/2022-02/TecraSpace_exp.sol
tecraspace-2022-02,app.blocksec.com,TecraSpace incident analysis,https://app.blocksec.com/explorer/tx/eth/0x81e9918e248d14d78ff7b697355fd9f456c6d7881486ed14fdfb69db16631154
templedao-2022-10,DeFiHackLabs (GitHub),DeFiHackLabs PoC: Templedao,https://github.com/SunWeb3Sec/DeFiHackLabs/blob/main/src/test/2022-10/Templedao_exp.sol
templedao-2022-10,X (Twitter),Templedao incident analysis,https://twitter.com/BlockSecTeam/status/1579843881893769222
templedao-2022-10,rekt.news,Templedao incident analysis,https://rekt.news/templedao-rekt/
the-nft-v2-2023-11,DeFiHackLabs (GitHub),DeFiHackLabs PoC: TheNFTV2,https://github.com/SunWeb3Sec/DeFiHackLabs/blob/main/src/test/2023-11/TheNFTV2_exp.sol
the-nft-v2-2023-11,X (Twitter),TheNFTV2 incident analysis,https://x.com/MetaTrustAlert/status/1728616715825848377
the-nft-v2-2023-11,Etherscan,TheNFTV2 attack transaction,https://etherscan.io/tx/0xd5b4d68432cbbd912130bbb5b93399031ddbb400d8f723c78050574de7533106
thetanuts-finance-2026-04,DeFiHackLabs (GitHub),DeFiHackLabs PoC: ThetanutsVaultShareRounding,https://github.com/SunWeb3Sec/DeFiHackLabs/blob/main/src/test/2026-04/ThetanutsVaultShareRounding_exp.sol
thetanuts-finance-2026-04,t.me,ThetanutsVaultShareRounding incident analysis,https://t.me/defimon_alerts/2933
thetanuts-finance-2026-04,Etherscan,ThetanutsVaultShareRounding attack transaction,https://etherscan.io/tx/0x1bc83899060c27106b6fb4257b208925085794e83b21c444854442fd3554862c
time-2023-12,DeFiHackLabs (GitHub),DeFiHackLabs PoC: TIME,https://github.com/SunWeb3Sec/DeFiHackLabs/blob/main/src/test/2023-12/TIME_exp.sol
time-2023-12,blog.openzeppelin.com,TIME incident analysis,https://blog.openzeppelin.com/arbitrary-address-spoofing-vulnerability-erc2771context-multicall-public-disclosure
truebit-2026-01,DeFiHackLabs (GitHub),DeFiHackLabs PoC: Truebit,https://github.com/SunWeb3Sec/DeFiHackLabs/blob/main/src/test/2026-01/Truebit_exp.sol
truebit-2026-01,certik.com,Truebit incident analysis,https://www.certik.com/zh-CN/resources/blog/truebit-incident-analysis
truebit-2026-01,Etherscan,Truebit attack transaction,https://etherscan.io/tx/0x71496352b02f974a3898c1b743e9fc2befb935e6c2a3e421134ec09b63052f4b
trustedvolumes-2026-05,DeFiHackLabs (GitHub),DeFiHackLabs PoC: TrustedVolumes,https://github.com/SunWeb3Sec/DeFiHackLabs/blob/main/src/test/2026-05/TrustedVolumes_exp.sol
trustedvolumes-2026-05,rekt.news,TrustedVolumes incident analysis,https://rekt.news/trustedvolumes-rekt
trustedvolumes-2026-05,darknavy.org,TrustedVolumes incident analysis,https://www.darknavy.org/web3/exploits/trustedvolumes-rfq-proxy-drain/
uerii-token-2022-10,DeFiHackLabs (GitHub),DeFiHackLabs PoC: Uerii Token,https://github.com/SunWeb3Sec/DeFiHackLabs/blob/main/src/test/2022-10/Uerii_exp.sol
uerii-token-2022-10,X (Twitter),Uerii Token incident analysis,https://twitter.com/peckshield/status/1581988895142526976
uerii-token-2022-10,Etherscan,Uerii Token attack transaction,https://etherscan.io/tx/0xf4a3d0e01bbca6c114954d4a49503fc94dfdbc864bded5530b51a207640d86b5
umbrella-network-2022-03,DeFiHackLabs (GitHub),DeFiHackLabs PoC: Umbrella Network,https://github.com/SunWeb3Sec/DeFiHackLabs/blob/main/src/test/2022-03/Umbrella_exp.sol
umbrella-network-2022-03,Medium,Umbrella Network incident analysis,https://medium.com/uno-re/umbrella-network-hacked-700k-lost-97285b69e8c7
uni-2025-03,DeFiHackLabs (GitHub),DeFiHackLabs PoC: UNI,https://github.com/SunWeb3Sec/DeFiHackLabs/blob/main/src/test/2025-03/UNI_exp.sol
uni-2025-03,X (Twitter),UNI incident analysis,https://x.com/CertiKAlert/status/1897973904653607330
uni-2025-03,app.blocksec.com,UNI incident analysis,https://app.blocksec.com/explorer/tx/eth/0x6c8aed8d0eab29416cd335038cd5ee68c5e27bfb001c9eac7fc14c7075ed4420?line=0
unibotrouter-2023-10,DeFiHackLabs (GitHub),DeFiHackLabs PoC: UniBotRouter,https://github.com/SunWeb3Sec/DeFiHackLabs/blob/main/src/test/2023-10/UniBot_exp.sol
unibotrouter-2023-10,X (Twitter),UniBotRouter incident analysis,https://twitter.com/PeckShieldAlert/status/1719251390319796477
unibotrouter-2023-10,Etherscan,UniBotRouter attack transaction,https://etherscan.io/tx/0xcbe521aea28911fe9983030748028e12541e347b8b6b974d026fa5065c22f0cf
uniclynft-2023-09,DeFiHackLabs (GitHub),DeFiHackLabs PoC: uniclyNFT,https://github.com/SunWeb3Sec/DeFiHackLabs/blob/main/src/test/2023-09/uniclyNFT_exp.sol
uniclynft-2023-09,X (Twitter),uniclyNFT incident analysis,https://twitter.com/DecurityHQ/status/1703096116047421863
uniclynft-2023-09,Etherscan,uniclyNFT attack transaction,https://etherscan.io/tx/0xc42fe1ce2516e125a386d198703b2422aa0190b25ef6a7b0a1d3c6f5d199ffad
unilend-2025-01,DeFiHackLabs (GitHub),DeFiHackLabs PoC: Unilend,https://github.com/SunWeb3Sec/DeFiHackLabs/blob/main/src/test/2025-01/Unilend_exp.sol
unilend-2025-01,Medium,Unilend incident analysis,https://slowmist.medium.com/analysis-of-the-unilend-hack-90022fa35a54
unilend-2025-01,Etherscan,Unilend attack transaction,https://etherscan.io/tx/0x44037ffc0993327176975e08789b71c1058318f48ddeff25890a577d6555b6ba
uniswap-v1-2020-04,DeFiHackLabs (GitHub),DeFiHackLabs PoC: UniSwapV1,https://github.com/SunWeb3Sec/DeFiHackLabs/blob/main/src/test/2020-04/uniswap-erc777.sol
uniswap-v1-2020-04,blog.blockmagnates.com,UniSwapV1 incident analysis,https://blog.blockmagnates.com/detailed-explanation-of-uniswaps-erc777-re-entry-risk-8fa5b3738e08
uniswap-v1-2020-04,Etherscan,UniSwapV1 attack transaction,https://etherscan.io/tx/0x32c83905db61047834f29385ff8ce8cb6f3d24f97e24e6101d8301619efee96e
unizen-2024-03,DeFiHackLabs (GitHub),DeFiHackLabs PoC: UnizenIO,https://github.com/SunWeb3Sec/DeFiHackLabs/blob/main/src/test/2024-03/UnizenIO_exp.sol
unizen-2024-03,X (Twitter),UnizenIO incident analysis,https://twitter.com/Phalcon_xyz/status/1766274000534004187
unizen-2024-03,app.blocksec.com,UnizenIO incident analysis,https://app.blocksec.com/explorer/tx/eth/0x923d1d63a1165ebd3521516f6d22d015f2e1b4b22d5dc954152b6c089c765fcd
unverified-0xa152-2026-04,DeFiHackLabs (GitHub),DeFiHackLabs PoC: Unverified_a152,https://github.com/SunWeb3Sec/DeFiHackLabs/blob/main/src/test/2026-04/unverified_a152_exp.sol
unverified-0xa152-2026-04,t.me,Unverified_a152 incident analysis,https://t.me/defimon_alerts/2987
unverified-0xa152-2026-04,Etherscan,Unverified_a152 attack transaction,https://etherscan.io/tx/0x57709a498f27c7219b634ae20e7d2cbf9ab8dd6aca7b3845fabf93b57760b576
unverified-54cd-2025-07,DeFiHackLabs (GitHub),DeFiHackLabs PoC: Unverified,https://github.com/SunWeb3Sec/DeFiHackLabs/blob/main/src/test/2025-07/unverified_54cd_exp.sol
unverified-54cd-2025-07,X (Twitter),Unverified incident analysis,https://x.com/TenArmorAlert/status/1941689712621576493
unverified-54cd-2025-07,app.blocksec.com,Unverified incident analysis,https://app.blocksec.com/explorer/tx/eth/0xa57ec56af91ec70517ca71ca50101958d9c2ec9fdb61edcf35a9081c375725c2
unverified-6f7a-2025-08,DeFiHackLabs (GitHub),DeFiHackLabs PoC: Unverified_6f7a,https://github.com/SunWeb3Sec/DeFiHackLabs/blob/main/src/test/2025-08/unverified_6f7a_exp.sol
unverified-6f7a-2025-08,t.me,Unverified_6f7a incident analysis,https://t.me/defimon_alerts/1706
unverified-6f7a-2025-08,Etherscan,Unverified_6f7a attack transaction,https://etherscan.io/tx/0x653b185a57fb5909180fe4eede67e51c5e9b70af16937382f86d5aefe635e5a7
unverified670471-2025-07,DeFiHackLabs (GitHub),DeFiHackLabs PoC: Unverified670471,https://github.com/SunWeb3Sec/DeFiHackLabs/blob/main/src/test/2025-07/Unverified670471_exp.sol
unverified670471-2025-07,t.me,Unverified670471 incident analysis,https://t.me/defimon_alerts/1549
unverified670471-2025-07,Etherscan,Unverified670471 attack transaction,https://etherscan.io/tx/0x6a2a9f48ff78966cb44772c3551a56d7c5b788168f81cae8d06006c79a86fc16
unverified6883-2025-07,DeFiHackLabs (GitHub),DeFiHackLabs PoC: Unverified6883,https://github.com/SunWeb3Sec/DeFiHackLabs/blob/main/src/test/2025-07/Unverified6883_exp.sol
unverified6883-2025-07,t.me,Unverified6883 incident analysis,https://t.me/defimon_alerts/1544
unverified6883-2025-07,Etherscan,Unverified6883 attack transaction,https://etherscan.io/tx/0x6fb78c7737463ea39a23159dd8496c178106b4ee657f2fb6fcb628240c39cd2e
unverifiedcontr-0x00c409-2024-04,DeFiHackLabs (GitHub),DeFiHackLabs PoC: UnverifiedContr_0x00C409,https://github.com/SunWeb3Sec/DeFiHackLabs/blob/main/src/test/2024-04/UnverifiedContr_0x00C409_exp.sol
unverifiedcontr-0x00c409-2024-04,X (Twitter),UnverifiedContr_0x00C409 incident analysis,https://x.com/CyversAlerts/status/1780593407871635538
unverifiedcontr-0x00c409-2024-04,app.blocksec.com,UnverifiedContr_0x00C409 incident analysis,https://app.blocksec.com/explorer/tx/eth/0x998f1da472d927e74405b0aa1bbf5c1dbc50d74b39977bed3307ea2ada1f1d3f
unverifiedcontr-0x452e25-2024-07,DeFiHackLabs (GitHub),DeFiHackLabs PoC: UnverifiedContr_0x452E25,https://github.com/SunWeb3Sec/DeFiHackLabs/blob/main/src/test/2024-07/UnverifiedContr_0x452E25_exp.sol
unverifiedcontr-0x452e25-2024-07,X (Twitter),UnverifiedContr_0x452E25 incident analysis,https://x.com/SlowMist_Team/status/1808334870650970514
unverifiedcontr-0x452e25-2024-07,Etherscan,UnverifiedContr_0x452E25 attack transaction,https://etherscan.io/tx/0x1194e1d6085885ce054a7ff8cd3cd0c3fa308ec87e4ccde8dd0549842fef4f1b
usualmoney-2025-05,DeFiHackLabs (GitHub),DeFiHackLabs PoC: UsualMoney,https://github.com/SunWeb3Sec/DeFiHackLabs/blob/main/src/test/2025-05/UsualMoney_exp.sol
usualmoney-2025-05,X (Twitter),UsualMoney incident analysis,https://x.com/BlockSecTeam/status/1927601457815040283
usualmoney-2025-05,Etherscan,UsualMoney attack transaction,https://etherscan.io/tx/0x585d8be6a0b07ca2f94cfa1d7542f1a62b0d3af5fab7823cbcf69fb243f271f8
uwerx-2023-08,DeFiHackLabs (GitHub),DeFiHackLabs PoC: Uwerx,https://github.com/SunWeb3Sec/DeFiHackLabs/blob/main/src/test/2023-08/Uwerx_exp.sol
uwerx-2023-08,X (Twitter),Uwerx incident analysis,https://twitter.com/CertiKAlert/status/1686667720920625152
uwerx-2023-08,Etherscan,Uwerx attack transaction,https://etherscan.io/tx/0x3b19e152943f31fe0830b67315ddc89be9a066dc89174256e17bc8c2d35b5af8
uwulend-2024-06,DeFiHackLabs (GitHub),DeFiHackLabs PoC: UwULend,https://github.com/SunWeb3Sec/DeFiHackLabs/blob/main/src/test/2024-06/UwuLend_First_exp.sol
uwulend-2024-06,X (Twitter),UwULend incident analysis,https://x.com/peckshield/status/1800176089316163831
uwulend-2024-06,app.blocksec.com,UwULend incident analysis,https://app.blocksec.com/explorer/tx/eth/0x242a0fb4fde9de0dc2fd42e8db743cbc197ffa2bf6a036ba0bba303df296408b
verus-bridge-2026-05,DeFiHackLabs (GitHub),DeFiHackLabs PoC: VerusBridge,https://github.com/SunWeb3Sec/DeFiHackLabs/blob/main/src/test/2026-05/VerusBridge_exp.sol
verus-bridge-2026-05,X (Twitter),VerusBridge incident analysis,https://x.com/VerusCoin/status/2056829444124213652
verus-bridge-2026-05,Etherscan,VerusBridge attack transaction,https://etherscan.io/tx/0x6990f01720f57fc515d0e976a0c4f8157e0a9529194c4c15d190e98d087eb321
veth-2024-11,DeFiHackLabs (GitHub),DeFiHackLabs PoC: vETH,https://github.com/SunWeb3Sec/DeFiHackLabs/blob/main/src/test/2024-11/vETH_exp.sol
veth-2024-11,X (Twitter),vETH incident analysis,https://x.com/TenArmorAlert/status/1856984299905716645
veth-2024-11,quillaudits.com,vETH incident analysis,https://www.quillaudits.com/blog/hack-analysis/veth-token-450k-exploit-analysis
visor-finance-2021-12,DeFiHackLabs (GitHub),DeFiHackLabs PoC: Visor Finance,https://github.com/SunWeb3Sec/DeFiHackLabs/blob/main/src/test/2021-12/Visor_exp.sol
visor-finance-2021-12,Medium,Visor Finance incident analysis,https://beosin.medium.com/two-vulnerabilities-in-one-function-the-analysis-of-visor-finance-exploit-a15735e2492
where-is-my-dragon-treasure-2025-07,DeFiHackLabs (GitHub),DeFiHackLabs PoC: WhereIsMyDragonTreasure,https://github.com/SunWeb3Sec/DeFiHackLabs/blob/main/src/test/2025-07/WhereIsMyDragonTreasure_exp.sol
where-is-my-dragon-treasure-2025-07,t.me,WhereIsMyDragonTreasure incident analysis,https://t.me/defimon_alerts/1537
where-is-my-dragon-treasure-2025-07,Etherscan,WhereIsMyDragonTreasure attack transaction,https://etherscan.io/tx/0x2154dd30d2bdd53b233d862ecd665c3a69c7a849cb498b724f622d9cb42771fc
wifcoin-eth-2024-06,DeFiHackLabs (GitHub),DeFiHackLabs PoC: WIFCOIN_ETH,https://github.com/SunWeb3Sec/DeFiHackLabs/blob/main/src/test/2024-06/WIFCOIN_ETH_exp.sol
wifcoin-eth-2024-06,X (Twitter),WIFCOIN_ETH incident analysis,https://x.com/ChainAegis/status/1802550962977964139
wifcoin-eth-2024-06,Etherscan,WIFCOIN_ETH attack transaction,https://etherscan.io/tx/0x58424115c6576b19cfb78b0b7ff00e0c13daa06d259f2a67210c112731519e09
wise-lending-2024-01,DeFiHackLabs (GitHub),DeFiHackLabs PoC: WiseLending,https://github.com/SunWeb3Sec/DeFiHackLabs/blob/main/src/test/2024-01/WiseLending02_exp.sol
wise-lending-2024-01,X (Twitter),WiseLending incident analysis,https://twitter.com/peckshield/status/1745907642118123774
wise-lending-2024-01,Etherscan,WiseLending attack transaction,https://etherscan.io/tx/0x04e16a79ff928db2fa88619cdd045cdfc7979a61d836c9c9e585b3d6f6d8bc31
wiselending-2023-10,DeFiHackLabs (GitHub),DeFiHackLabs PoC: WiseLending,https://github.com/SunWeb3Sec/DeFiHackLabs/blob/main/src/test/2023-10/WiseLending_exp.sol
wiselending-2023-10,X (Twitter),WiseLending incident analysis,https://twitter.com/BlockSecTeam/status/1712871304993689709
wiselending-2023-10,Etherscan,WiseLending attack transaction,https://etherscan.io/tx/0x7ac4a98599596adbf12fffa2bd23e2a2d2ac7e8989b6ea043fcc412a29126555
xave-finance-2022-10,DeFiHackLabs (GitHub),DeFiHackLabs PoC: Xave Finance,https://github.com/SunWeb3Sec/DeFiHackLabs/blob/main/src/test/2022-10/XaveFinance_exp.sol
xave-finance-2022-10,Medium,Xave Finance incident analysis,https://medium.com/xave-finance/post-mortem-safenap-dao-module-bug-505958e9c716
xave-finance-2022-10,Etherscan,Xave Finance attack transaction,https://etherscan.io/tx/0xc18ec2eb7d41638d9982281e766945d0428aaeda6211b4ccb6626ea7cff31f4a
xbridge-2024-04,DeFiHackLabs (GitHub),DeFiHackLabs PoC: XBridge,https://github.com/SunWeb3Sec/DeFiHackLabs/blob/main/src/test/2024-04/XBridge_exp.sol
xbridge-2024-04,X (Twitter),XBridge incident analysis,https://twitter.com/CyversAlerts/status/1783045506471432610
xbridge-2024-04,Etherscan,XBridge attack transaction,https://etherscan.io/tx/0x903d88a92cbc0165a7f662305ac1bff97430dbcccaa0fe71e101e18aa9109c92
xcarnival-2022-06,DeFiHackLabs (GitHub),DeFiHackLabs PoC: XCarnival,https://github.com/SunWeb3Sec/DeFiHackLabs/blob/main/src/test/2022-06/XCarnival_exp.sol
xcarnival-2022-06,X (Twitter),XCarnival incident analysis,https://twitter.com/XCarnival_Lab/status/1541226298399653888
xcarnival-2022-06,X (Twitter),XCarnival incident analysis,https://twitter.com/BlockSecTeam/status/1541070850505723905
xloot-staking-2026-04,DeFiHackLabs (GitHub),DeFiHackLabs PoC: XLootStaking,https://github.com/SunWeb3Sec/DeFiHackLabs/blob/main/src/test/2026-04/XLootStaking_exp.sol
xloot-staking-2026-04,X (Twitter),XLootStaking incident analysis,https://x.com/DefimonAlerts/status/2044709964091187660
xloot-staking-2026-04,Etherscan,XLootStaking attack transaction,https://etherscan.io/tx/0xab19752a450a205ccaca9afb8505e2d8b79593ee2edab1f67bdec27a4f14871f
xstable-protocol-2022-08,DeFiHackLabs (GitHub),DeFiHackLabs PoC: XSTABLE Protocol,https://github.com/SunWeb3Sec/DeFiHackLabs/blob/main/src/test/2022-08/XST_exp.sol
xstable-protocol-2022-08,X (Twitter),XSTABLE Protocol incident analysis,https://mobile.twitter.com/BlockSecTeam/status/1557195012042936320
yearn-ydai-vault-2021-02,DeFiHackLabs (GitHub),DeFiHackLabs PoC: Yearn YDai,https://github.com/SunWeb3Sec/DeFiHackLabs/blob/main/src/test/2021-02/Yearn_ydai_exp.sol
yearn-ydai-vault-2021-02,GitHub,Yearn YDai incident analysis,https://github.com/yearn/yearn-security/blob/master/disclosures/2021-02-04.md
yearn-ydai-vault-2021-02,Etherscan,Yearn YDai attack transaction,https://etherscan.io/tx/0x59faab5a1911618064f1ffa1e4649d85c99cfd9f0d64dcebbc1af7d7630da98b
yeth-2025-12,DeFiHackLabs (GitHub),DeFiHackLabs PoC: yETH,https://github.com/SunWeb3Sec/DeFiHackLabs/blob/main/src/test/2025-12/yETH_exp.sol
yeth-2025-12,GitHub,yETH incident analysis,https://github.com/banteg/yeth-exploit/blob/main/report.pdf
yeth-2025-12,GitHub,yETH incident analysis,https://github.com/johnnyonline/yETH-hack
zeroexsettler-2025-03,DeFiHackLabs (GitHub),DeFiHackLabs PoC: ZeroExSettler,https://github.com/SunWeb3Sec/DeFiHackLabs/blob/main/src/test/2025-03/ZeroExSettler_exp.sol
zeroexsettler-2025-03,t.me,ZeroExSettler incident analysis,https://t.me/defimon_alerts/599
zeroexsettler-2025-03,Etherscan,ZeroExSettler attack transaction,https://etherscan.io/tx/0x4e2f5bccc5d428c39cd93c64dcd2502d5cf05fb30892c753475155d498ef5887
zoomer-2024-02,DeFiHackLabs (GitHub),DeFiHackLabs PoC: Zoomer,https://github.com/SunWeb3Sec/DeFiHackLabs/blob/main/src/test/2024-02/Zoomer_exp.sol
zoomer-2024-02,X (Twitter),Zoomer incident analysis,https://x.com/ChainAegis/status/1761246415488225668
zoomer-2024-02,app.blocksec.com,Zoomer incident analysis,https://app.blocksec.com/explorer/tx/eth/0x06d7e7436414c658a33452d28400799f3637e83930dcec39b3bd065dabc6ef04
zunamiprotocol-2023-08,DeFiHackLabs (GitHub),DeFiHackLabs PoC: ZunamiProtocol,https://github.com/SunWeb3Sec/DeFiHackLabs/blob/main/src/test/2023-08/Zunami_exp.sol
zunamiprotocol-2023-08,X (Twitter),ZunamiProtocol incident analysis,https://twitter.com/peckshield/status/1690877589005778945
zunamiprotocol-2023-08,X (Twitter),ZunamiProtocol incident analysis,https://twitter.com/BlockSecTeam/status/1690931111776358400
