vuln_pattern,vuln_pattern_zh,incidents,total_loss_usd,projects,defense_zh
arithmetic,數值計算錯誤（溢位 / 捨入 / 精度）,27,229862583.12,Alkimiya (SilicaPools)、Balancer、Balancer V2、Beauty Chain (BEC)、bZx Protocol、DeFiPlaza、HopeLend、kTAF、KyberSwap Elastic、MahaLend、MetaLend、Abracadabra Money (MIM Spell)、Nimbus、NowSwap、Onyx Protocol、Pandora、Raft、Resupply (ResupplyFi)、SCROLL、SmartMesh (SMT)、StrategyLlamaLendConvex、Thetanuts Finance (BTC/USD covered call vault)、Truebit、Umbrella Network、Wise Lending、Wise Lending、Yearn yETH,使用 Solidity 0.8 以上的內建溢位檢查或 SafeMath；捨入永遠對協議有利；新市場上線時預先存入初始流動性或使用虛擬份額。
signature_message_verification,簽章 / 跨鏈訊息驗證缺陷,7,171698600.0,Anyswap (Multichain) V4 Router、ChainSwap、Giddy Vault V3、Nomad Bridge、TIME、TrustedVolumes、Verus Bridge,採用 EIP-712 並納入 nonce、chainId 與期限；檢查 ecrecover 結果非零；跨鏈訊息必須驗證來源證明，並對大額提領設定延遲與上限。
business_logic,業務邏輯錯誤,61,122899105.7,AAVEBoost、Akutar NFT、Alkemi Earn、APEMAGA、AutoPooledTradingBot、AventaRewardClaim、Bad Guys by RPF、Balancer Protocol (STA pool)、Blueberry Protocol、bZx、ChiSale、Cover Protocol、DAppSocial、DeezNutz 404、DePay (DePayRouterV1)、EGGX、EHIVE、Ekubo、Equilibria (VaultEPendle)、FloorDAO、GAIN、GROK token、HeavensGate (HATE)、Hedgey Finance、HegicOptions、HoppyFrogERC、IdolsNFT、JokInTheBox、Juice、JumpFarm、Laundromat、LAURAToken、LuckyTiger NFT、MetaPool、MIM Spell (Abracadabra Cauldrons)、Miner、MonoX Finance、MultiTransferSwap、Opyn Protocol (ETH Put oTokens)、PegaBall、Pine Protocol、Popsicle Finance、pSeudoEth (pEth)、QuantumWN (QWA staking)、RBalancer、Redacted Cartel (wxBTRFLY)、Saddle Finance、SBR Token、SNOOD、SorStaking、SushiSwap MISO、SWAPP Staking、TheNFTV2、UNI、UniLend、Uwerx (WERX)、WIFCOIN (ETH)、XCarnival、xLOOT Staking、XSTABLE Protocol、Zoomer,為每個會改變資產或負債的函式列出不變量（invariant）並做模糊測試與形式化驗證；新功能上線前重新審計整個流程而不只是差異。
reentrancy,重入攻擊,16,96116375.0,Bacon Protocol、Barley Finance、Cream Finance、Earning.Farm (ENF_ETHLEV vault)、Game、Lendf.Me (dForce)、NFT Trader、Omni NFT、Peapods Finance、Rari Capital、Rari Capital/Fei Protocol (Fuse pools)、Revest Finance、RuggedArt、SpankChain、Unicly (uniclyNFT PointFarm)、Uniswap V1 (imBTC/ETH pool),遵守 checks-effects-interactions 順序、使用 ReentrancyGuard；留意 ERC-777 / ERC-721 / ERC-1155 的回呼；其他協議讀取你的價格時，也要防範唯讀重入。
input_validation,輸入驗證缺失 / 任意外部呼叫,42,62835077.62,0x0DEX (0x0 Privacy DEX)、AffineDeFi、Astrid Protocol、Auctus (ACO options)、BMI Zapper、Compound (cTUSD market)、Dough Finance、FixedTokenBSwap、Floor Protocol、GoodDollar、Hexotic、Juicebox REVLoans、Li.Fi、LI.FI、LQDX (LiquidX)、Maestro (MaestroRouter2)、MainnetSettler (0x Settler)、MEV bot 0xdd7c、MEVBOT (0xbadc0de)、MEVBOT a47b、Multichain (Anyswap)、OlympusDAO、ParaSwap (DAI stale approval)、ParticleTrade、Pickle Finance、Poly Network、Prisma Finance、Qubit Finance、Rabby Wallet SwapRouter、RnsPay、Seneca、SiloFinance、Size Credit (LeverageUp)、Size (FlashLoanLoopingV1_7)、Socket Gateway (Socket)、Unibot (UniBotRouter)、Unizen、Unverified contract 0xa152 (AllowanceTarget spender)、Unverified6883、Unverified contract 0x00C409、Visor Finance、ZeroExSettler,限制可呼叫的目標與函式選擇器白名單；不要讓持有使用者授權的合約執行任意 calldata；提醒使用者撤銷不再需要的授權。
access_control,權限控管缺失,38,52001065.34,Unverified contract 0xf340、88mph、ADC、Bancor Protocol、BankrollStackPlus、BBT、CEXISWAP、Cork Protocol、CoW Protocol、DAO Maker、DAO SoulMate、DODO、EFLeverVault、Erc20transfer、FILX DN404、Galaxy Fox (GFOX)、GHT、InitcodeFactoryFees、Leverage SIR、MCAI、MEV bot (0xa247)、MEV bot (0x05f0...24a5)、ParaSwap (Augustus V6)、Parity Multisig Wallet、RWAVault、Sandbox LAND、StakeOnMe (JAKE meToken)、SuperRare、Swarm Markets、tCDP、TecraSpace、TempleDAO (STAX LP Staking)、Uerii Token、Unverified (0x54cd)、Unverified contract 0x6f7a、Unverified670471、Unverified contract 0x452E25、XBridge,所有敏感函式都加上角色檢查（onlyOwner / AccessControl）；部署與升級時用自動化測試檢查每個 external 函式的權限。
proxy_upgrade,代理合約 / 初始化 / 升級錯誤,4,2680000.0,Audius、HYPR、Parity Multisig WalletLibrary、Pike Finance,在實作合約的建構子呼叫 _disableInitializers；使用標準化儲存槽（EIP-1967）；升級前在分叉環境演練並檢查所有初始化參數。
offchain_logic,鏈下系統邏輯缺陷,1,628000.0,Adshares Bridge (Wrapped ADS),鏈下 API 同樣需要權限控管與輸入驗證；錢包與前端要清楚顯示交易內容，避免盲簽。
compiler_bug,編譯器 / 語言漏洞,0,0,,追蹤編譯器安全公告；關鍵合約避免使用過新或有已知問題的版本；以位元組碼層級的測試驗證安全機制確實生效。
consensus_state_bug,共識 / 客戶端狀態錯誤,0,0,,跨客戶端的一致性測試；主要客戶端的市占率不宜超過 1/3；準備快速協調升級的流程。
crypto_verification,密碼學實作缺陷,0,0,,使用經審計的密碼學函式庫；不要在鏈上以區塊資料產生隨機數；ZK 電路需要專門審計與形式化驗證。
input_handling_dos,節點輸入處理不當（崩潰 / 阻斷服務）,0,0,,客戶端持續做模糊測試與差異測試；維持客戶端多樣性，避免單一客戶端漏洞影響多數節點。
resource_exhaustion,資源耗盡（Gas 定價錯誤）,0,0,,依實測成本調整 opcode 的 Gas 定價（如 EIP-150、EIP-2929）；為節點設定資源上限與監控。
undisclosed,細節未公開,0,0,,無法給出具體建議；可參考其他模式的一般防禦措施。
