year,incidents,total_loss_usd,single_chain_loss_usd,total_recovered_usd,largest_loss_usd
2017,2,30000000.0,30000000.0,0,30000000.0
2018,3,34875.0,34875.0,0,34875.0
2020,9,53800000.0,53800000.0,0,33800000.0
2021,18,34807800.0,34807800.0,0,20000000.0
2022,38,1209729697.0,1209729697.0,30292000.0,624000000.0
2023,41,69535679.0,69535679.0,0,48000000.0
2024,54,196533505.35,196533505.35,0,81000000.0
2025,56,1656432293.67,1656432293.67,0,1500000000.0
2026,15,53374093.47,53374093.47,0,26474000.0
