category,category_zh,incidents,total_loss_usd,single_chain_loss_usd
private_key_compromise,私鑰外洩 / 盜用,17,838960000.0,103560000.0
smart_contract_bug,合約 / 程式邏輯漏洞,24,401759000.0,393029000.0
phishing_social_engineering,釣魚 / 社交工程,9,350772500.0,339272500.0
oracle_price_manipulation,預言機 / 價格操縱,4,121060000.0,121060000.0
third_party_compromise,第三方服務遭入侵,6,42690000.0,42450000.0
supply_chain,供應鏈攻擊,13,27184000.0,184000.0
governance_attack,治理攻擊,2,20230000.0,20230000.0
economic_exploit,經濟模型攻擊,2,5150000.0,5150000.0
insider_threat,內部人員作案,4,2723000.0,2723000.0
operational_error,操作失誤,2,661000.0,661000.0
frontend_account_compromise,前端 / 社群帳號入侵,4,30000.0,30000.0
dos_attack,阻斷服務攻擊,3,0.0,0.0
protocol_vulnerability,L1 協議層漏洞,21,0.0,0.0
